{"title":"Evaluaciones","markdown":{"yaml":{"title":"Evaluaciones"},"headingText":"Sistema de Evaluación","containsRefs":false,"markdown":"\n\n\nLa evaluación del curso se basa en la aplicación práctica de las técnicas estadísticas aprendidas. Se privilegia la comprensión conceptual y la correcta interpretación de resultados por sobre la memorización de fórmulas.\n\n## Componentes de Evaluación\n\n| Componente | Porcentaje | Fecha de entrega |\n|------------|------------|------------------|\n| Trabajo práctico | 40% | Pauta 17 de octubre. Entrega 3 de noviembre|\n| Trabajo final | 60% | Pauta 10 de noviembre. Entrega 8 de diciembre| |\n| **TOTAL** | **100%** | |\n\n: {tbl-colwidths=\"[40,30,30]\"}\n\n### 1. Ejercicios Prácticos (40%)\n\nCada sesión incluye ejercicios prácticos que deben ser resueltos y entregados. Cada ejercicio vale 8%.\n\n**Formato de entrega:**\n- Archivo `.qmd` o `.Rmd` con código y respuestas\n- Debe incluir código comentado y narrativa explicativa\n- Se evaluará: código funcional, interpretación correcta, claridad de presentación\n\n**Criterios de evaluación:**\n- Código ejecutable y reproducible (30%)\n- Correcta aplicación de técnicas estadísticas (40%)\n- Interpretación adecuada de resultados (30%)\n\n::: {.callout-tip}\n## Consejo\nComenta tu código y explica tu razonamiento. No basta con obtener el resultado correcto, sino que debes demostrar comprensión de lo que estás haciendo.\n:::\n\n---\n\n### 2. Trabajo Práctico Parcial (25%)\n\n**Fecha de entrega:** [Fecha]  \n**Modalidad:** Individual\n\nAnálisis estadístico aplicado que integra contenidos de las sesiones 1-3:\n\n- Análisis descriptivo de un conjunto de datos\n- Visualizaciones apropiadas\n- Pruebas de hipótesis pertinentes\n- Informe con interpretación de resultados\n\n**Extensión:** 4-6 páginas (sin contar código ni anexos)\n\n**Formato de entrega:**\n- Documento `.qmd` o `.Rmd` \n- Output HTML renderizado\n- Datos utilizados (si son propios)\n\n**Rúbrica:**\n\n| Criterio | Excelente (100%) | Bueno (75%) | Suficiente (50%) | Insuficiente (25%) |\n|----------|------------------|-------------|------------------|--------------------|\n| **Manipulación de datos** | Prepara datos correctamente, maneja valores perdidos, crea variables necesarias | Prepara datos adecuadamente con mínimos errores | Preparación básica con algunos problemas | Problemas significativos en preparación |\n| **Análisis descriptivo** | Estadísticos apropiados, tablas claras, visualizaciones efectivas | Análisis adecuado con pequeñas omisiones | Análisis básico pero incompleto | Análisis inadecuado o incorrecto |\n| **Inferencia estadística** | Pruebas apropiadas, supuestos verificados, interpretación correcta | Pruebas adecuadas con interpretación mayormente correcta | Pruebas básicas con interpretación parcial | Pruebas inapropiadas o interpretación incorrecta |\n| **Presentación** | Narrativa clara, código bien comentado, formato profesional | Presentación clara con mínimos problemas | Presentación básica pero comprensible | Presentación confusa o desorganizada |\n\n---\n\n### 3. Trabajo Práctico Final (35%)\n\n**Fecha de entrega:** [Fecha]  \n**Modalidad:** Individual o parejas (a definir)\n\nProyecto de análisis estadístico integral que aplica todos los contenidos del curso:\n\n- Formulación de pregunta de investigación\n- Análisis exploratorio de datos\n- Análisis de correlaciones\n- Modelos de regresión (simple y múltiple)\n- Interpretación sustantiva de resultados\n- Discusión de limitaciones\n\n**Extensión:** 8-12 páginas (sin contar código ni anexos)\n\n**Componentes obligatorios:**\n1. Introducción con pregunta de investigación\n2. Descripción de datos y variables\n3. Análisis exploratorio (descriptivos + visualizaciones)\n4. Análisis de correlaciones\n5. Modelos de regresión con interpretación\n6. Conclusiones y limitaciones\n7. Anexo con código completo\n\n**Opciones de datos:**\n- Dataset proporcionado por el curso\n- Datos de tesis o investigación propia (con aprobación previa)\n- Bases de datos públicas (ej. CASEN, ELSOC, World Bank)\n\n::: {.callout-important}\n## Fecha importante\nSi usarás datos propios, debes enviar una descripción breve para aprobación antes del [fecha].\n:::\n\n**Rúbrica detallada:** [Se compartirá con al menos 2 semanas de anticipación]\n\n---\n\n## Criterios Generales de Evaluación\n\n### Reproducibilidad\nTodo el código debe ser **completamente reproducible**. Esto significa que:\n\n- Incluir comandos para cargar librerías necesarias\n- Usar rutas relativas (nunca `C:/Mi Computador/...`)\n- Documentar la sesión de R (`sessionInfo()`)\n- Comentar el código adecuadamente\n\n### Presentación de Resultados\n\nSe valorará:\n\n- Tablas bien formateadas (usando `kable`, `gt`, etc.)\n- Gráficos con títulos, etiquetas de ejes claros\n- Interpretación en lenguaje claro, no solo técnico\n- Ortografía y redacción cuidada\n\n### Uso de Recursos\n\nEstá permitido y es recomendado:\n\n- Consultar documentación de R y paquetes\n- Buscar ayuda en foros (Stack Overflow, etc.)\n- Discutir ideas con compañeros/as\n\n**No está permitido:**\n- Copiar código de compañeros/as sin citarlo\n- Presentar trabajo ajeno como propio\n\n::: {.callout-warning}\n## Plagio\nCualquier forma de plagio resultará en nota mínima (1.0) y será reportado según reglamento universitario.\n:::\n\n---\n\n## Escala de Calificaciones\n\nSe utiliza la escala de 1.0 a 7.0, con nota mínima de aprobación 4.0.\n\n## Entrega de Evaluaciones\n\nTodas las entregas se realizan vía [plataforma que uses: Moodle/Canvas/Email]:\n\n- **Formato:** Archivo `.qmd` o `.Rmd` + HTML renderizado\n- **Nombre de archivo:** `apellido_nombre_evaluacion.qmd`\n- **Hora límite:** 23:59 de la fecha ind","srcMarkdownNoYaml":"\n\n## Sistema de Evaluación\n\nLa evaluación del curso se basa en la aplicación práctica de las técnicas estadísticas aprendidas. Se privilegia la comprensión conceptual y la correcta interpretación de resultados por sobre la memorización de fórmulas.\n\n## Componentes de Evaluación\n\n| Componente | Porcentaje | Fecha de entrega |\n|------------|------------|------------------|\n| Trabajo práctico | 40% | Pauta 17 de octubre. Entrega 3 de noviembre|\n| Trabajo final | 60% | Pauta 10 de noviembre. Entrega 8 de diciembre| |\n| **TOTAL** | **100%** | |\n\n: {tbl-colwidths=\"[40,30,30]\"}\n\n### 1. Ejercicios Prácticos (40%)\n\nCada sesión incluye ejercicios prácticos que deben ser resueltos y entregados. Cada ejercicio vale 8%.\n\n**Formato de entrega:**\n- Archivo `.qmd` o `.Rmd` con código y respuestas\n- Debe incluir código comentado y narrativa explicativa\n- Se evaluará: código funcional, interpretación correcta, claridad de presentación\n\n**Criterios de evaluación:**\n- Código ejecutable y reproducible (30%)\n- Correcta aplicación de técnicas estadísticas (40%)\n- Interpretación adecuada de resultados (30%)\n\n::: {.callout-tip}\n## Consejo\nComenta tu código y explica tu razonamiento. No basta con obtener el resultado correcto, sino que debes demostrar comprensión de lo que estás haciendo.\n:::\n\n---\n\n### 2. Trabajo Práctico Parcial (25%)\n\n**Fecha de entrega:** [Fecha]  \n**Modalidad:** Individual\n\nAnálisis estadístico aplicado que integra contenidos de las sesiones 1-3:\n\n- Análisis descriptivo de un conjunto de datos\n- Visualizaciones apropiadas\n- Pruebas de hipótesis pertinentes\n- Informe con interpretación de resultados\n\n**Extensión:** 4-6 páginas (sin contar código ni anexos)\n\n**Formato de entrega:**\n- Documento `.qmd` o `.Rmd` \n- Output HTML renderizado\n- Datos utilizados (si son propios)\n\n**Rúbrica:**\n\n| Criterio | Excelente (100%) | Bueno (75%) | Suficiente (50%) | Insuficiente (25%) |\n|----------|------------------|-------------|------------------|--------------------|\n| **Manipulación de datos** | Prepara datos correctamente, maneja valores perdidos, crea variables necesarias | Prepara datos adecuadamente con mínimos errores | Preparación básica con algunos problemas | Problemas significativos en preparación |\n| **Análisis descriptivo** | Estadísticos apropiados, tablas claras, visualizaciones efectivas | Análisis adecuado con pequeñas omisiones | Análisis básico pero incompleto | Análisis inadecuado o incorrecto |\n| **Inferencia estadística** | Pruebas apropiadas, supuestos verificados, interpretación correcta | Pruebas adecuadas con interpretación mayormente correcta | Pruebas básicas con interpretación parcial | Pruebas inapropiadas o interpretación incorrecta |\n| **Presentación** | Narrativa clara, código bien comentado, formato profesional | Presentación clara con mínimos problemas | Presentación básica pero comprensible | Presentación confusa o desorganizada |\n\n---\n\n### 3. Trabajo Práctico Final (35%)\n\n**Fecha de entrega:** [Fecha]  \n**Modalidad:** Individual o parejas (a definir)\n\nProyecto de análisis estadístico integral que aplica todos los contenidos del curso:\n\n- Formulación de pregunta de investigación\n- Análisis exploratorio de datos\n- Análisis de correlaciones\n- Modelos de regresión (simple y múltiple)\n- Interpretación sustantiva de resultados\n- Discusión de limitaciones\n\n**Extensión:** 8-12 páginas (sin contar código ni anexos)\n\n**Componentes obligatorios:**\n1. Introducción con pregunta de investigación\n2. Descripción de datos y variables\n3. Análisis exploratorio (descriptivos + visualizaciones)\n4. Análisis de correlaciones\n5. Modelos de regresión con interpretación\n6. Conclusiones y limitaciones\n7. Anexo con código completo\n\n**Opciones de datos:**\n- Dataset proporcionado por el curso\n- Datos de tesis o investigación propia (con aprobación previa)\n- Bases de datos públicas (ej. CASEN, ELSOC, World Bank)\n\n::: {.callout-important}\n## Fecha importante\nSi usarás datos propios, debes enviar una descripción breve para aprobación antes del [fecha].\n:::\n\n**Rúbrica detallada:** [Se compartirá con al menos 2 semanas de anticipación]\n\n---\n\n## Criterios Generales de Evaluación\n\n### Reproducibilidad\nTodo el código debe ser **completamente reproducible**. Esto significa que:\n\n- Incluir comandos para cargar librerías necesarias\n- Usar rutas relativas (nunca `C:/Mi Computador/...`)\n- Documentar la sesión de R (`sessionInfo()`)\n- Comentar el código adecuadamente\n\n### Presentación de Resultados\n\nSe valorará:\n\n- Tablas bien formateadas (usando `kable`, `gt`, etc.)\n- Gráficos con títulos, etiquetas de ejes claros\n- Interpretación en lenguaje claro, no solo técnico\n- Ortografía y redacción cuidada\n\n### Uso de Recursos\n\nEstá permitido y es recomendado:\n\n- Consultar documentación de R y paquetes\n- Buscar ayuda en foros (Stack Overflow, etc.)\n- Discutir ideas con compañeros/as\n\n**No está permitido:**\n- Copiar código de compañeros/as sin citarlo\n- Presentar trabajo ajeno como propio\n\n::: {.callout-warning}\n## Plagio\nCualquier forma de plagio resultará en nota mínima (1.0) y será reportado según reglamento universitario.\n:::\n\n---\n\n## Escala de Calificaciones\n\nSe utiliza la escala de 1.0 a 7.0, con nota mínima de aprobación 4.0.\n\n## Entrega de Evaluaciones\n\nTodas las entregas se realizan vía [plataforma que uses: Moodle/Canvas/Email]:\n\n- **Formato:** Archivo `.qmd` o `.Rmd` + HTML renderizado\n- **Nombre de archivo:** `apellido_nombre_evaluacion.qmd`\n- **Hora límite:** 23:59 de la fecha ind"},"formats":{"html":{"identifier":{"display-name":"HTML","target-format":"html","base-format":"html"},"execute":{"fig-width":7,"fig-height":5,"fig-format":"retina","fig-dpi":96,"df-print":"default","error":false,"eval":true,"cache":null,"freeze":"auto","echo":true,"output":true,"warning":false,"include":true,"keep-md":false,"keep-ipynb":false,"ipynb":null,"enabled":null,"daemon":null,"daemon-restart":false,"debug":false,"ipynb-filters":[],"ipynb-shell-interactivity":null,"plotly-connected":true,"message":false,"engine":"markdown"},"render":{"keep-tex":false,"keep-typ":false,"keep-source":false,"keep-hidden":false,"prefer-html":false,"output-divs":true,"output-ext":"html","fig-align":"default","fig-pos":null,"fig-env":null,"code-fold":"none","code-overflow":"scroll","code-link":false,"code-line-numbers":false,"code-tools":false,"tbl-colwidths":"auto","merge-includes":true,"inline-includes":false,"preserve-yaml":false,"latex-auto-mk":true,"latex-auto-install":true,"latex-clean":true,"latex-min-runs":1,"latex-max-runs":10,"latex-makeindex":"makeindex","latex-makeindex-opts":[],"latex-tlmgr-opts":[],"latex-input-paths":[],"latex-output-dir":null,"link-external-icon":false,"link-external-newwindow":false,"self-contained-math":false,"format-resources":[],"notebook-links":true},"pandoc":{"standalone":true,"wrap":"none","default-image-extension":"png","to":"html","css":["styles/styles.scss"],"include-in-header":[{"text":"<link rel=\"preconnect\" href=\"https://fonts.googleapis.com\">\n<link rel=\"preconnect\" href=\"https://fonts.gstatic.com\" crossorigin>\n<link href=\"https://fonts.googleapis.com/css2?family=Montserrat:wght@400;600;700&family=Source+Sans+Pro:wght@300;400;600&family=Fira+Code:wght@400;500&display=swap\" rel=\"stylesheet\">\n"}],"output-file":"evaluacion.html"},"language":{"toc-title-document":"Table of contents","toc-title-website":"On this page","related-formats-title":"Other Formats","related-notebooks-title":"Notebooks","source-notebooks-prefix":"Source","other-links-title":"Other Links","code-links-title":"Code Links","launch-dev-container-title":"Launch Dev Container","launch-binder-title":"Launch Binder","article-notebook-label":"Article Notebook","notebook-preview-download":"Download Notebook","notebook-preview-download-src":"Download Source","notebook-preview-back":"Back to Article","manuscript-meca-bundle":"MECA Bundle","section-title-abstract":"Abstract","section-title-appendices":"Appendices","section-title-footnotes":"Footnotes","section-title-references":"References","section-title-reuse":"Reuse","section-title-copyright":"Copyright","section-title-citation":"Citation","appendix-attribution-cite-as":"For attribution, please cite this work as:","appendix-attribution-bibtex":"BibTeX citation:","appendix-view-license":"View License","title-block-author-single":"Author","title-block-author-plural":"Authors","title-block-affiliation-single":"Affiliation","title-block-affiliation-plural":"Affiliations","title-block-published":"Published","title-block-modified":"Modified","title-block-keywords":"Keywords","callout-tip-title":"Tip","callout-note-title":"Note","callout-warning-title":"Warning","callout-important-title":"Important","callout-caution-title":"Caution","code-summary":"Code","code-tools-menu-caption":"Code","code-tools-show-all-code":"Show All Code","code-tools-hide-all-code":"Hide All Code","code-tools-view-source":"View Source","code-tools-source-code":"Source Code","tools-share":"Share","tools-download":"Download","code-line":"Line","code-lines":"Lines","copy-button-tooltip":"Copy to Clipboard","copy-button-tooltip-success":"Copied!","repo-action-links-edit":"Edit this page","repo-action-links-source":"View source","repo-action-links-issue":"Report an issue","back-to-top":"Back to top","search-no-results-text":"No results","search-matching-documents-text":"matching documents","search-copy-link-title":"Copy link to search","search-hide-matches-text":"Hide additional matches","search-more-match-text":"more match in this document","search-more-matches-text":"more matches in this document","search-clear-button-title":"Clear","search-text-placeholder":"","search-detached-cancel-button-title":"Cancel","search-submit-button-title":"Submit","search-label":"Search","toggle-section":"Toggle section","toggle-sidebar":"Toggle sidebar navigation","toggle-dark-mode":"Toggle dark mode","toggle-reader-mode":"Toggle reader mode","toggle-navigation":"Toggle navigation","crossref-fig-title":"Figure","crossref-tbl-title":"Table","crossref-lst-title":"Listing","crossref-thm-title":"Theorem","crossref-lem-title":"Lemma","crossref-cor-title":"Corollary","crossref-prp-title":"Proposition","crossref-cnj-title":"Conjecture","crossref-def-title":"Definition","crossref-exm-title":"Example","crossref-exr-title":"Exercise","crossref-ch-prefix":"Chapter","crossref-apx-prefix":"Appendix","crossref-sec-prefix":"Section","crossref-eq-prefix":"Equation","crossref-lof-title":"List of Figures","crossref-lot-title":"List of Tables","crossref-lol-title":"List of Listings","environment-proof-title":"Proof","environment-remark-title":"Remark","environment-solution-title":"Solution","listing-page-order-by":"Order By","listing-page-order-by-default":"Default","listing-page-order-by-date-asc":"Oldest","listing-page-order-by-date-desc":"Newest","listing-page-order-by-number-desc":"High to Low","listing-page-order-by-number-asc":"Low to High","listing-page-field-date":"Date","listing-page-field-title":"Title","listing-page-field-description":"Description","listing-page-field-author":"Author","listing-page-field-filename":"File Name","listing-page-field-filemodified":"Modified","listing-page-field-subtitle":"Subtitle","listing-page-field-readingtime":"Reading Time","listing-page-field-wordcount":"Word Count","listing-page-field-categories":"Categories","listing-page-minutes-compact":"{0} min","listing-page-category-all":"All","listing-page-no-matches":"No matching items","listing-page-words":"{0} words","listing-page-filter":"Filter","draft":"Draft"},"metadata":{"lang":"en","fig-responsive":true,"quarto-version":"1.6.42","theme":{"light":["cosmo","styles/styles.scss"]},"mainfont":"Source Sans Pro","monofont":"Fira Code","title":"Evaluaciones"},"extensions":{"book":{"multiFile":true}}}},"projectFormats":["html"]}