{"title":"Recursos","markdown":{"yaml":{"title":"Recursos"},"headingText":"Software Necesario","containsRefs":false,"markdown":"\n\n\n### R y RStudio\n\nPara este curso necesitas instalar:\n\n1. **R** (versión 4.0 o superior)\n   - Descarga desde: [https://cran.r-project.org/](https://cran.r-project.org/)\n   - Selecciona tu sistema operativo y sigue las instrucciones\n\n2. **RStudio** (IDE recomendado)\n   - Descarga desde: [https://posit.co/download/rstudio-desktop/](https://posit.co/download/rstudio-desktop/)\n   - Versión gratuita (Desktop) es suficiente\n\n::: {.callout-tip}\n## Video tutoriales de instalación\n\n- [Instalar R y RStudio en Windows](https://www.youtube.com/watch?v=...)\n- [Instalar R y RStudio en Mac](https://www.youtube.com/watch?v=...)\n- [Instalar R y RStudio en Linux](https://www.youtube.com/watch?v=...)\n\n(Puedes agregar tus propios videos o usar los disponibles en YouTube)\n:::\n\n### Paquetes de R\n\nDurante el curso usaremos principalmente estos paquetes. Puedes instalarlos copiando este código en tu consola de R:\n\n```r\n# Paquetes para manipulación de datos\ninstall.packages(\"tidyverse\")  # Incluye dplyr, ggplot2, tidyr, etc.\n\n# Paquetes para estadística\ninstall.packages(\"psych\")      # Estadística descriptiva\ninstall.packages(\"car\")        # Análisis de regresión\ninstall.packages(\"lmtest\")     # Tests para modelos lineales\n\n# Paquetes para tablas y reportes\ninstall.packages(\"knitr\")      # Para reportes\ninstall.packages(\"kableExtra\") # Tablas elegantes\ninstall.packages(\"gt\")         # Tablas modernas\n\n# Paquetes para visualización\ninstall.packages(\"ggplot2\")    # Ya incluido en tidyverse\ninstall.packages(\"patchwork\")  # Combinar gráficos\n```\n\n## Guías y Tutoriales\n\n### Introducción a R\n\n- [R para Ciencia de Datos (en español)](https://es.r4ds.hadley.nz/) - Wickham & Grolemund\n- [Introducción a R - RStudio Education](https://education.rstudio.com/learn/beginner/)\n- [swirl: Learn R, in R](https://swirlstats.com/) - Tutoriales interactivos\n\n### Estadística en R\n\n- [Learning Statistics with R](https://learningstatisticswithr.com/) - Danielle Navarro (libro completo gratis)\n- [Quick-R](https://www.statmethods.net/) - Referencia rápida de métodos estadísticos\n- [UCLA Statistical Consulting](https://stats.oarc.ucla.edu/r/) - Excelentes tutoriales por método estadístico\n\n### Visualización de Datos\n\n- [ggplot2: Elegant Graphics for Data Analysis](https://ggplot2-book.org/)\n- [R Graphics Cookbook](https://r-graphics.org/)\n- [Fundamentals of Data Visualization](https://clauswilke.com/dataviz/) - Claus Wilke\n\n### Quarto/R Markdown\n\n- [Quarto Documentation](https://quarto.org/docs/guide/)\n- [R Markdown: The Definitive Guide](https://bookdown.org/yihui/rmarkdown/)\n- [R Markdown Cookbook](https://bookdown.org/yihui/rmarkdown-cookbook/)\n\n\n## Datos para Práctica\n\n### Datasets del Curso\n\nLos datasets utilizados en clases están disponibles en la carpeta `data/` de este sitio web:\n\n- `ejemplo.csv` - Dataset ejemplo para Sesión 1\n- [Otros datasets que uses]\n\n### Repositorios de Datos Sociales\n\n**Chile:**\n- [CASEN](http://observatorio.ministeriodesarrollosocial.gob.cl/encuesta-casen) - Encuesta de Caracterización Socioeconómica Nacional\n- [ELSOC](https://coes.cl/encuesta-panel/) - Estudio Longitudinal Social de Chile\n- [CEP](https://www.cepchile.cl/opinion-publica/encuesta-cep/) - Encuestas Centro de Estudios Públicos\n\n**Internacional:**\n- [World Bank Open Data](https://data.worldbank.org/)\n- [OECD Data](https://data.oecd.org/)\n- [Gapminder](https://www.gapminder.org/data/)\n- [Our World in Data](https://ourworldindata.org/)\n\n**Repositorios generales:**\n- [Kaggle Datasets](https://www.kaggle.com/datasets)\n- [UCI Machine Learning Repository](https://archive.ics.uci.edu/ml/index.php)\n- [Data.gov](https://www.data.gov/)\n\n\n## Hojas de Referencia (Cheatsheets)\n\nDescarga estas guías de referencia rápida:\n\n- [RStudio IDE Cheatsheet](https://rstudio.github.io/cheatsheets/rstudio-ide.pdf)\n- [Data Transformation with dplyr](https://rstudio.github.io/cheatsheets/data-transformation.pdf)\n- [Data Visualization with ggplot2](https://rstudio.github.io/cheatsheets/data-visualization.pdf)\n- [R Markdown](https://rstudio.github.io/cheatsheets/rmarkdown.pdf)\n\nTodas las cheatsheets de RStudio: [https://posit.co/resources/cheatsheets/](https://posit.co/resources/cheatsheets/)\n\n\n## Comunidades y Ayuda\n\n### Foros y Comunidades\n\n- [Stack Overflow (tag: r)](https://stackoverflow.com/questions/tagged/r) - Preguntas técnicas\n- [RStudio Community](https://community.rstudio.com/) - Comunidad oficial\n- [r/rstats (Reddit)](https://www.reddit.com/r/rstats/) - Discusiones y noticias\n\n### Canales de YouTube (en español)\n\n- [R para Ciencia de Datos](https://www.youtube.com/@rparacienciadedatos)\n- [Riffomonas Project](https://www.youtube.com/@Riffomonas) (inglés, pero muy didáctico)\n\n### Blogs y Tutoriales\n\n- [R-bloggers](https://www.r-bloggers.com/) - Agregador de blogs sobre R\n- [Towards Data Science](https://towardsdatascience.com/tagged/r-programming) - Artículos técnicos\n\n\n\n## Consejos para Aprender R\n\n::: {.callout-tip collapse=\"true\"}\n## Haz clic para expandir consejos\n\n### 1. Practica regularmente\nNo basta con ver código, hay que escribirlo. Dedica tiempo cada semana a practicar.\n\n### 2. Aprende a buscar ayuda\n- Usa `?funcion` o `help(funcion)` en R\n- Busca en Google: \"how to [tarea] in R\"\n- Lee los mensajes de error con calma\n\n### 3. No memorices, entiende\nEs mejor entender la lógica que memorizar código. Usa las cheatsheets como apoyo.\n\n### 4. Comenta tu código\nTu yo del futuro te lo agradecerá. Explica qué hace cada sección.\n\n### 5. Empieza simple\nNo trates de hacer visualizaciones complejas desde el inicio. Domina lo básico primero.\n\n### 6. Aprende de ejemplos\nEstudia código de otros, modifícalo, entiéndelo.\n\n### 7. Sé paciente\nTodos los programadores cometen errores constantemente. Es parte del proceso.\n:::\n\n\n## Material Complementario\n\n### Libros Avanzados (para profundizar)\n\n- [Advanced R](https://adv-r.hadley.nz/) - Hadley Wickham\n- [Hands-On Programming with R](https://rstudio-education.github.io/hopr/)\n- [Text Mining with R](https://www.tidytextmining.com/)\n\n### Cursos Online\n\n- [Coursera: R Programming](https://www.coursera.org/learn/r-programming)\n- [DataCamp: Introduction to R](https://www.datacamp.com/courses/free-introduction-to-r)\n- [edX: Data Science: R Basics](https://www.edx.org/course/data-science-r-basics)\n\n\n\n## Contacto\n\n¿Tienes sugerencias de recursos que deberían estar aquí? Escríbeme a [email] o abre un issue en el [repositorio de GitHub](https://github.com/TU-USUARIO/taller-metodos).\n\n\n\n","srcMarkdownNoYaml":"\n\n## Software Necesario\n\n### R y RStudio\n\nPara este curso necesitas instalar:\n\n1. **R** (versión 4.0 o superior)\n   - Descarga desde: [https://cran.r-project.org/](https://cran.r-project.org/)\n   - Selecciona tu sistema operativo y sigue las instrucciones\n\n2. **RStudio** (IDE recomendado)\n   - Descarga desde: [https://posit.co/download/rstudio-desktop/](https://posit.co/download/rstudio-desktop/)\n   - Versión gratuita (Desktop) es suficiente\n\n::: {.callout-tip}\n## Video tutoriales de instalación\n\n- [Instalar R y RStudio en Windows](https://www.youtube.com/watch?v=...)\n- [Instalar R y RStudio en Mac](https://www.youtube.com/watch?v=...)\n- [Instalar R y RStudio en Linux](https://www.youtube.com/watch?v=...)\n\n(Puedes agregar tus propios videos o usar los disponibles en YouTube)\n:::\n\n### Paquetes de R\n\nDurante el curso usaremos principalmente estos paquetes. Puedes instalarlos copiando este código en tu consola de R:\n\n```r\n# Paquetes para manipulación de datos\ninstall.packages(\"tidyverse\")  # Incluye dplyr, ggplot2, tidyr, etc.\n\n# Paquetes para estadística\ninstall.packages(\"psych\")      # Estadística descriptiva\ninstall.packages(\"car\")        # Análisis de regresión\ninstall.packages(\"lmtest\")     # Tests para modelos lineales\n\n# Paquetes para tablas y reportes\ninstall.packages(\"knitr\")      # Para reportes\ninstall.packages(\"kableExtra\") # Tablas elegantes\ninstall.packages(\"gt\")         # Tablas modernas\n\n# Paquetes para visualización\ninstall.packages(\"ggplot2\")    # Ya incluido en tidyverse\ninstall.packages(\"patchwork\")  # Combinar gráficos\n```\n\n## Guías y Tutoriales\n\n### Introducción a R\n\n- [R para Ciencia de Datos (en español)](https://es.r4ds.hadley.nz/) - Wickham & Grolemund\n- [Introducción a R - RStudio Education](https://education.rstudio.com/learn/beginner/)\n- [swirl: Learn R, in R](https://swirlstats.com/) - Tutoriales interactivos\n\n### Estadística en R\n\n- [Learning Statistics with R](https://learningstatisticswithr.com/) - Danielle Navarro (libro completo gratis)\n- [Quick-R](https://www.statmethods.net/) - Referencia rápida de métodos estadísticos\n- [UCLA Statistical Consulting](https://stats.oarc.ucla.edu/r/) - Excelentes tutoriales por método estadístico\n\n### Visualización de Datos\n\n- [ggplot2: Elegant Graphics for Data Analysis](https://ggplot2-book.org/)\n- [R Graphics Cookbook](https://r-graphics.org/)\n- [Fundamentals of Data Visualization](https://clauswilke.com/dataviz/) - Claus Wilke\n\n### Quarto/R Markdown\n\n- [Quarto Documentation](https://quarto.org/docs/guide/)\n- [R Markdown: The Definitive Guide](https://bookdown.org/yihui/rmarkdown/)\n- [R Markdown Cookbook](https://bookdown.org/yihui/rmarkdown-cookbook/)\n\n\n## Datos para Práctica\n\n### Datasets del Curso\n\nLos datasets utilizados en clases están disponibles en la carpeta `data/` de este sitio web:\n\n- `ejemplo.csv` - Dataset ejemplo para Sesión 1\n- [Otros datasets que uses]\n\n### Repositorios de Datos Sociales\n\n**Chile:**\n- [CASEN](http://observatorio.ministeriodesarrollosocial.gob.cl/encuesta-casen) - Encuesta de Caracterización Socioeconómica Nacional\n- [ELSOC](https://coes.cl/encuesta-panel/) - Estudio Longitudinal Social de Chile\n- [CEP](https://www.cepchile.cl/opinion-publica/encuesta-cep/) - Encuestas Centro de Estudios Públicos\n\n**Internacional:**\n- [World Bank Open Data](https://data.worldbank.org/)\n- [OECD Data](https://data.oecd.org/)\n- [Gapminder](https://www.gapminder.org/data/)\n- [Our World in Data](https://ourworldindata.org/)\n\n**Repositorios generales:**\n- [Kaggle Datasets](https://www.kaggle.com/datasets)\n- [UCI Machine Learning Repository](https://archive.ics.uci.edu/ml/index.php)\n- [Data.gov](https://www.data.gov/)\n\n\n## Hojas de Referencia (Cheatsheets)\n\nDescarga estas guías de referencia rápida:\n\n- [RStudio IDE Cheatsheet](https://rstudio.github.io/cheatsheets/rstudio-ide.pdf)\n- [Data Transformation with dplyr](https://rstudio.github.io/cheatsheets/data-transformation.pdf)\n- [Data Visualization with ggplot2](https://rstudio.github.io/cheatsheets/data-visualization.pdf)\n- [R Markdown](https://rstudio.github.io/cheatsheets/rmarkdown.pdf)\n\nTodas las cheatsheets de RStudio: [https://posit.co/resources/cheatsheets/](https://posit.co/resources/cheatsheets/)\n\n\n## Comunidades y Ayuda\n\n### Foros y Comunidades\n\n- [Stack Overflow (tag: r)](https://stackoverflow.com/questions/tagged/r) - Preguntas técnicas\n- [RStudio Community](https://community.rstudio.com/) - Comunidad oficial\n- [r/rstats (Reddit)](https://www.reddit.com/r/rstats/) - Discusiones y noticias\n\n### Canales de YouTube (en español)\n\n- [R para Ciencia de Datos](https://www.youtube.com/@rparacienciadedatos)\n- [Riffomonas Project](https://www.youtube.com/@Riffomonas) (inglés, pero muy didáctico)\n\n### Blogs y Tutoriales\n\n- [R-bloggers](https://www.r-bloggers.com/) - Agregador de blogs sobre R\n- [Towards Data Science](https://towardsdatascience.com/tagged/r-programming) - Artículos técnicos\n\n\n\n## Consejos para Aprender R\n\n::: {.callout-tip collapse=\"true\"}\n## Haz clic para expandir consejos\n\n### 1. Practica regularmente\nNo basta con ver código, hay que escribirlo. Dedica tiempo cada semana a practicar.\n\n### 2. Aprende a buscar ayuda\n- Usa `?funcion` o `help(funcion)` en R\n- Busca en Google: \"how to [tarea] in R\"\n- Lee los mensajes de error con calma\n\n### 3. No memorices, entiende\nEs mejor entender la lógica que memorizar código. Usa las cheatsheets como apoyo.\n\n### 4. Comenta tu código\nTu yo del futuro te lo agradecerá. Explica qué hace cada sección.\n\n### 5. Empieza simple\nNo trates de hacer visualizaciones complejas desde el inicio. Domina lo básico primero.\n\n### 6. Aprende de ejemplos\nEstudia código de otros, modifícalo, entiéndelo.\n\n### 7. Sé paciente\nTodos los programadores cometen errores constantemente. Es parte del proceso.\n:::\n\n\n## Material Complementario\n\n### Libros Avanzados (para profundizar)\n\n- [Advanced R](https://adv-r.hadley.nz/) - Hadley Wickham\n- [Hands-On Programming with R](https://rstudio-education.github.io/hopr/)\n- [Text Mining with R](https://www.tidytextmining.com/)\n\n### Cursos Online\n\n- [Coursera: R Programming](https://www.coursera.org/learn/r-programming)\n- [DataCamp: Introduction to R](https://www.datacamp.com/courses/free-introduction-to-r)\n- [edX: Data Science: R Basics](https://www.edx.org/course/data-science-r-basics)\n\n\n\n## Contacto\n\n¿Tienes sugerencias de recursos que deberían estar aquí? Escríbeme a [email] o abre un issue en el [repositorio de GitHub](https://github.com/TU-USUARIO/taller-metodos).\n\n\n\n"},"formats":{"html":{"identifier":{"display-name":"HTML","target-format":"html","base-format":"html"},"execute":{"fig-width":7,"fig-height":5,"fig-format":"retina","fig-dpi":96,"df-print":"default","error":false,"eval":true,"cache":null,"freeze":"auto","echo":true,"output":true,"warning":false,"include":true,"keep-md":false,"keep-ipynb":false,"ipynb":null,"enabled":null,"daemon":null,"daemon-restart":false,"debug":false,"ipynb-filters":[],"ipynb-shell-interactivity":null,"plotly-connected":true,"message":false,"engine":"markdown"},"render":{"keep-tex":false,"keep-typ":false,"keep-source":false,"keep-hidden":false,"prefer-html":false,"output-divs":true,"output-ext":"html","fig-align":"default","fig-pos":null,"fig-env":null,"code-fold":"none","code-overflow":"scroll","code-link":false,"code-line-numbers":false,"code-tools":false,"tbl-colwidths":"auto","merge-includes":true,"inline-includes":false,"preserve-yaml":false,"latex-auto-mk":true,"latex-auto-install":true,"latex-clean":true,"latex-min-runs":1,"latex-max-runs":10,"latex-makeindex":"makeindex","latex-makeindex-opts":[],"latex-tlmgr-opts":[],"latex-input-paths":[],"latex-output-dir":null,"link-external-icon":false,"link-external-newwindow":false,"self-contained-math":false,"format-resources":[],"notebook-links":true},"pandoc":{"standalone":true,"wrap":"none","default-image-extension":"png","to":"html","css":["styles/styles.scss"],"include-in-header":[{"text":"<link rel=\"preconnect\" href=\"https://fonts.googleapis.com\">\n<link rel=\"preconnect\" href=\"https://fonts.gstatic.com\" crossorigin>\n<link href=\"https://fonts.googleapis.com/css2?family=Montserrat:wght@400;600;700&family=Source+Sans+Pro:wght@300;400;600&family=Fira+Code:wght@400;500&display=swap\" rel=\"stylesheet\">\n"}],"output-file":"recursos.html"},"language":{"toc-title-document":"Table of contents","toc-title-website":"On this page","related-formats-title":"Other Formats","related-notebooks-title":"Notebooks","source-notebooks-prefix":"Source","other-links-title":"Other Links","code-links-title":"Code Links","launch-dev-container-title":"Launch Dev Container","launch-binder-title":"Launch Binder","article-notebook-label":"Article Notebook","notebook-preview-download":"Download Notebook","notebook-preview-download-src":"Download Source","notebook-preview-back":"Back to Article","manuscript-meca-bundle":"MECA Bundle","section-title-abstract":"Abstract","section-title-appendices":"Appendices","section-title-footnotes":"Footnotes","section-title-references":"References","section-title-reuse":"Reuse","section-title-copyright":"Copyright","section-title-citation":"Citation","appendix-attribution-cite-as":"For attribution, please cite this work as:","appendix-attribution-bibtex":"BibTeX citation:","appendix-view-license":"View License","title-block-author-single":"Author","title-block-author-plural":"Authors","title-block-affiliation-single":"Affiliation","title-block-affiliation-plural":"Affiliations","title-block-published":"Published","title-block-modified":"Modified","title-block-keywords":"Keywords","callout-tip-title":"Tip","callout-note-title":"Note","callout-warning-title":"Warning","callout-important-title":"Important","callout-caution-title":"Caution","code-summary":"Code","code-tools-menu-caption":"Code","code-tools-show-all-code":"Show All Code","code-tools-hide-all-code":"Hide All Code","code-tools-view-source":"View Source","code-tools-source-code":"Source Code","tools-share":"Share","tools-download":"Download","code-line":"Line","code-lines":"Lines","copy-button-tooltip":"Copy to Clipboard","copy-button-tooltip-success":"Copied!","repo-action-links-edit":"Edit this page","repo-action-links-source":"View source","repo-action-links-issue":"Report an issue","back-to-top":"Back to top","search-no-results-text":"No results","search-matching-documents-text":"matching documents","search-copy-link-title":"Copy link to search","search-hide-matches-text":"Hide additional matches","search-more-match-text":"more match in this document","search-more-matches-text":"more matches in this document","search-clear-button-title":"Clear","search-text-placeholder":"","search-detached-cancel-button-title":"Cancel","search-submit-button-title":"Submit","search-label":"Search","toggle-section":"Toggle section","toggle-sidebar":"Toggle sidebar navigation","toggle-dark-mode":"Toggle dark mode","toggle-reader-mode":"Toggle reader mode","toggle-navigation":"Toggle navigation","crossref-fig-title":"Figure","crossref-tbl-title":"Table","crossref-lst-title":"Listing","crossref-thm-title":"Theorem","crossref-lem-title":"Lemma","crossref-cor-title":"Corollary","crossref-prp-title":"Proposition","crossref-cnj-title":"Conjecture","crossref-def-title":"Definition","crossref-exm-title":"Example","crossref-exr-title":"Exercise","crossref-ch-prefix":"Chapter","crossref-apx-prefix":"Appendix","crossref-sec-prefix":"Section","crossref-eq-prefix":"Equation","crossref-lof-title":"List of Figures","crossref-lot-title":"List of Tables","crossref-lol-title":"List of Listings","environment-proof-title":"Proof","environment-remark-title":"Remark","environment-solution-title":"Solution","listing-page-order-by":"Order By","listing-page-order-by-default":"Default","listing-page-order-by-date-asc":"Oldest","listing-page-order-by-date-desc":"Newest","listing-page-order-by-number-desc":"High to Low","listing-page-order-by-number-asc":"Low to High","listing-page-field-date":"Date","listing-page-field-title":"Title","listing-page-field-description":"Description","listing-page-field-author":"Author","listing-page-field-filename":"File Name","listing-page-field-filemodified":"Modified","listing-page-field-subtitle":"Subtitle","listing-page-field-readingtime":"Reading Time","listing-page-field-wordcount":"Word Count","listing-page-field-categories":"Categories","listing-page-minutes-compact":"{0} min","listing-page-category-all":"All","listing-page-no-matches":"No matching items","listing-page-words":"{0} words","listing-page-filter":"Filter","draft":"Draft"},"metadata":{"lang":"en","fig-responsive":true,"quarto-version":"1.6.42","theme":{"light":["cosmo","styles/styles.scss"]},"mainfont":"Source Sans Pro","monofont":"Fira Code","title":"Recursos"},"extensions":{"book":{"multiFile":true}}}},"projectFormats":["html"]}