{"title":"Programa del Curso","markdown":{"yaml":{"title":"Programa del Curso"},"headingText":"Información General","containsRefs":false,"markdown":"\n\n\n**Curso:** Taller de Métodos y Técnicas de Investigación I  \n**Programa:** Magíster en Sociología  \n**Profesor/a:** [Tu nombre]  \n**Semestre:** [Semestre y año]  \n**Créditos:** [X créditos]\n\n## Descripción\n\nEste taller proporciona formación práctica en el uso de R para análisis estadístico en ciencias sociales. El curso enfatiza la aplicación de técnicas estadísticas fundamentales, desde estadística descriptiva hasta modelos de regresión múltiple, utilizando datos reales de investigación social.\n\n## Objetivos de Aprendizaje\n\nAl finalizar el curso, las y los estudiantes serán capaces de:\n\n1. Manipular y preparar datos para análisis estadístico en R\n2. Realizar análisis estadísticos descriptivos e inferenciales\n3. Aplicar pruebas de hipótesis apropiadas según el tipo de datos\n4. Ejecutar y interpretar análisis de correlación y regresión\n5. Comunicar resultados estadísticos de manera clara y profesional\n\n## Metodología\n\nEl curso se estructura en sesiones prácticas donde se combinan:\n\n- Exposiciones teóricas breves sobre los conceptos estadísticos\n- Demostraciones en vivo de código en R\n- Ejercicios prácticos guiados\n- Trabajo autónomo con datos reales\n\nSe espera que las y los estudiantes traigan su computador con R y RStudio instalados a cada sesión.\n\n## Contenidos por Sesión\n\n### Sesión 1: Introducción a R y Estadística Descriptiva (I)\n**Fecha:** [Fecha]\n\n- Interfaz de RStudio y flujo de trabajo\n- Tipos de objetos en R (vectores, dataframes, listas)\n- Importación de datos\n- Medidas de tendencia central\n- Tablas de frecuencia y contingencia\n\n**Lecturas:**\n- [Referencias]\n\n---\n\n### Sesión 2: Estadística Descriptiva (II) y Prueba de Hipótesis (I)\n**Fecha:** [Fecha]\n\n- Medidas de dispersión y posición\n- Visualización de datos (histogramas, boxplots, gráficos de barras)\n- Introducción a la inferencia estadística\n- Prueba t para una muestra\n- Prueba t para muestras independientes\n\n**Lecturas:**\n- [Referencias]\n\n---\n\n### Sesión 3: Prueba de Hipótesis (II) y ANOVA\n**Fecha:** [Fecha]\n\n- Prueba t para muestras pareadas\n- Pruebas no paramétricas (Wilcoxon, Mann-Whitney)\n- ANOVA de un factor\n- Comparaciones post-hoc (Tukey, Bonferroni)\n- Supuestos y diagnósticos\n\n**Lecturas:**\n- [Referencias]\n\n---\n\n### Sesión 4: Correlación Bivariada y Regresión Lineal Simple\n**Fecha:** [Fecha]\n\n- Correlación de Pearson y Spearman\n- Matrices de correlación\n- Introducción a la regresión lineal simple\n- Estimación e interpretación de coeficientes\n- R² y bondad de ajuste\n\n**Lecturas:**\n- [Referencias]\n\n---\n\n### Sesión 5: Regresión Lineal Múltiple\n**Fecha:** [Fecha]\n\n- Regresión lineal múltiple\n- Interpretación de coeficientes con múltiples predictores\n- Variables dummy y categóricas\n- Diagnóstico de regresión (residuos, multicolinealidad)\n- Presentación de resultados\n\n**Lecturas:**\n- [Referencias]\n\n## Bibliografía Básica\n\n- Field, A., Miles, J., & Field, Z. (2012). *Discovering Statistics Using R*. Sage Publications.\n- Navarro, D. (2015). *Learning Statistics with R*. [Disponible online](https://learningstatisticswithr.com/)\n- Wickham, H., & Grolemund, G. (2017). *R for Data Science*. O'Reilly. [Disponible online](https://r4ds.had.co.nz/)\n\n## Bibliografía Complementaria\n\n- Kabacoff, R. (2015). *R in Action: Data Analysis and Graphics with R*. Manning Publications.\n- Lander, J. P. (2017). *R for Everyone: Advanced Analytics and Graphics*. Addison-Wesley.\n\n## Políticas del Curso\n\n### Asistencia\nSe requiere [X%] de asistencia para aprobar el curso. Las inasistencias deben ser justificadas.\n\n### Integridad Académica\nSe espera honestidad académica en todos los trabajos. El plagio o copia resultará en la reprobación del curso según el reglamento de la universidad.\n\n### Uso de IA y Herramientas\n[Define tu política sobre el uso de ChatGPT, Claude, u otras herramientas de IA para resolver ejercicios]\n","srcMarkdownNoYaml":"\n\n## Información General\n\n**Curso:** Taller de Métodos y Técnicas de Investigación I  \n**Programa:** Magíster en Sociología  \n**Profesor/a:** [Tu nombre]  \n**Semestre:** [Semestre y año]  \n**Créditos:** [X créditos]\n\n## Descripción\n\nEste taller proporciona formación práctica en el uso de R para análisis estadístico en ciencias sociales. El curso enfatiza la aplicación de técnicas estadísticas fundamentales, desde estadística descriptiva hasta modelos de regresión múltiple, utilizando datos reales de investigación social.\n\n## Objetivos de Aprendizaje\n\nAl finalizar el curso, las y los estudiantes serán capaces de:\n\n1. Manipular y preparar datos para análisis estadístico en R\n2. Realizar análisis estadísticos descriptivos e inferenciales\n3. Aplicar pruebas de hipótesis apropiadas según el tipo de datos\n4. Ejecutar y interpretar análisis de correlación y regresión\n5. Comunicar resultados estadísticos de manera clara y profesional\n\n## Metodología\n\nEl curso se estructura en sesiones prácticas donde se combinan:\n\n- Exposiciones teóricas breves sobre los conceptos estadísticos\n- Demostraciones en vivo de código en R\n- Ejercicios prácticos guiados\n- Trabajo autónomo con datos reales\n\nSe espera que las y los estudiantes traigan su computador con R y RStudio instalados a cada sesión.\n\n## Contenidos por Sesión\n\n### Sesión 1: Introducción a R y Estadística Descriptiva (I)\n**Fecha:** [Fecha]\n\n- Interfaz de RStudio y flujo de trabajo\n- Tipos de objetos en R (vectores, dataframes, listas)\n- Importación de datos\n- Medidas de tendencia central\n- Tablas de frecuencia y contingencia\n\n**Lecturas:**\n- [Referencias]\n\n---\n\n### Sesión 2: Estadística Descriptiva (II) y Prueba de Hipótesis (I)\n**Fecha:** [Fecha]\n\n- Medidas de dispersión y posición\n- Visualización de datos (histogramas, boxplots, gráficos de barras)\n- Introducción a la inferencia estadística\n- Prueba t para una muestra\n- Prueba t para muestras independientes\n\n**Lecturas:**\n- [Referencias]\n\n---\n\n### Sesión 3: Prueba de Hipótesis (II) y ANOVA\n**Fecha:** [Fecha]\n\n- Prueba t para muestras pareadas\n- Pruebas no paramétricas (Wilcoxon, Mann-Whitney)\n- ANOVA de un factor\n- Comparaciones post-hoc (Tukey, Bonferroni)\n- Supuestos y diagnósticos\n\n**Lecturas:**\n- [Referencias]\n\n---\n\n### Sesión 4: Correlación Bivariada y Regresión Lineal Simple\n**Fecha:** [Fecha]\n\n- Correlación de Pearson y Spearman\n- Matrices de correlación\n- Introducción a la regresión lineal simple\n- Estimación e interpretación de coeficientes\n- R² y bondad de ajuste\n\n**Lecturas:**\n- [Referencias]\n\n---\n\n### Sesión 5: Regresión Lineal Múltiple\n**Fecha:** [Fecha]\n\n- Regresión lineal múltiple\n- Interpretación de coeficientes con múltiples predictores\n- Variables dummy y categóricas\n- Diagnóstico de regresión (residuos, multicolinealidad)\n- Presentación de resultados\n\n**Lecturas:**\n- [Referencias]\n\n## Bibliografía Básica\n\n- Field, A., Miles, J., & Field, Z. (2012). *Discovering Statistics Using R*. Sage Publications.\n- Navarro, D. (2015). *Learning Statistics with R*. [Disponible online](https://learningstatisticswithr.com/)\n- Wickham, H., & Grolemund, G. (2017). *R for Data Science*. O'Reilly. [Disponible online](https://r4ds.had.co.nz/)\n\n## Bibliografía Complementaria\n\n- Kabacoff, R. (2015). *R in Action: Data Analysis and Graphics with R*. Manning Publications.\n- Lander, J. P. (2017). *R for Everyone: Advanced Analytics and Graphics*. Addison-Wesley.\n\n## Políticas del Curso\n\n### Asistencia\nSe requiere [X%] de asistencia para aprobar el curso. Las inasistencias deben ser justificadas.\n\n### Integridad Académica\nSe espera honestidad académica en todos los trabajos. El plagio o copia resultará en la reprobación del curso según el reglamento de la universidad.\n\n### Uso de IA y Herramientas\n[Define tu política sobre el uso de ChatGPT, Claude, u otras herramientas de IA para resolver ejercicios]\n"},"formats":{"html":{"identifier":{"display-name":"HTML","target-format":"html","base-format":"html"},"execute":{"fig-width":7,"fig-height":5,"fig-format":"retina","fig-dpi":96,"df-print":"default","error":false,"eval":true,"cache":null,"freeze":"auto","echo":true,"output":true,"warning":false,"include":true,"keep-md":false,"keep-ipynb":false,"ipynb":null,"enabled":null,"daemon":null,"daemon-restart":false,"debug":false,"ipynb-filters":[],"ipynb-shell-interactivity":null,"plotly-connected":true,"message":false,"engine":"markdown"},"render":{"keep-tex":false,"keep-typ":false,"keep-source":false,"keep-hidden":false,"prefer-html":false,"output-divs":true,"output-ext":"html","fig-align":"default","fig-pos":null,"fig-env":null,"code-fold":"none","code-overflow":"scroll","code-link":false,"code-line-numbers":false,"code-tools":false,"tbl-colwidths":"auto","merge-includes":true,"inline-includes":false,"preserve-yaml":false,"latex-auto-mk":true,"latex-auto-install":true,"latex-clean":true,"latex-min-runs":1,"latex-max-runs":10,"latex-makeindex":"makeindex","latex-makeindex-opts":[],"latex-tlmgr-opts":[],"latex-input-paths":[],"latex-output-dir":null,"link-external-icon":false,"link-external-newwindow":false,"self-contained-math":false,"format-resources":[],"notebook-links":true},"pandoc":{"standalone":true,"wrap":"none","default-image-extension":"png","to":"html","css":["styles/styles.scss"],"include-in-header":[{"text":"<link rel=\"preconnect\" href=\"https://fonts.googleapis.com\">\n<link rel=\"preconnect\" href=\"https://fonts.gstatic.com\" crossorigin>\n<link href=\"https://fonts.googleapis.com/css2?family=Montserrat:wght@400;600;700&family=Source+Sans+Pro:wght@300;400;600&family=Fira+Code:wght@400;500&display=swap\" rel=\"stylesheet\">\n"}],"output-file":"syllabus.html"},"language":{"toc-title-document":"Table of contents","toc-title-website":"On this page","related-formats-title":"Other Formats","related-notebooks-title":"Notebooks","source-notebooks-prefix":"Source","other-links-title":"Other Links","code-links-title":"Code Links","launch-dev-container-title":"Launch Dev Container","launch-binder-title":"Launch Binder","article-notebook-label":"Article Notebook","notebook-preview-download":"Download Notebook","notebook-preview-download-src":"Download Source","notebook-preview-back":"Back to Article","manuscript-meca-bundle":"MECA Bundle","section-title-abstract":"Abstract","section-title-appendices":"Appendices","section-title-footnotes":"Footnotes","section-title-references":"References","section-title-reuse":"Reuse","section-title-copyright":"Copyright","section-title-citation":"Citation","appendix-attribution-cite-as":"For attribution, please cite this work as:","appendix-attribution-bibtex":"BibTeX citation:","appendix-view-license":"View License","title-block-author-single":"Author","title-block-author-plural":"Authors","title-block-affiliation-single":"Affiliation","title-block-affiliation-plural":"Affiliations","title-block-published":"Published","title-block-modified":"Modified","title-block-keywords":"Keywords","callout-tip-title":"Tip","callout-note-title":"Note","callout-warning-title":"Warning","callout-important-title":"Important","callout-caution-title":"Caution","code-summary":"Code","code-tools-menu-caption":"Code","code-tools-show-all-code":"Show All Code","code-tools-hide-all-code":"Hide All Code","code-tools-view-source":"View Source","code-tools-source-code":"Source Code","tools-share":"Share","tools-download":"Download","code-line":"Line","code-lines":"Lines","copy-button-tooltip":"Copy to Clipboard","copy-button-tooltip-success":"Copied!","repo-action-links-edit":"Edit this page","repo-action-links-source":"View source","repo-action-links-issue":"Report an issue","back-to-top":"Back to top","search-no-results-text":"No results","search-matching-documents-text":"matching documents","search-copy-link-title":"Copy link to search","search-hide-matches-text":"Hide additional matches","search-more-match-text":"more match in this document","search-more-matches-text":"more matches in this document","search-clear-button-title":"Clear","search-text-placeholder":"","search-detached-cancel-button-title":"Cancel","search-submit-button-title":"Submit","search-label":"Search","toggle-section":"Toggle section","toggle-sidebar":"Toggle sidebar navigation","toggle-dark-mode":"Toggle dark mode","toggle-reader-mode":"Toggle reader mode","toggle-navigation":"Toggle navigation","crossref-fig-title":"Figure","crossref-tbl-title":"Table","crossref-lst-title":"Listing","crossref-thm-title":"Theorem","crossref-lem-title":"Lemma","crossref-cor-title":"Corollary","crossref-prp-title":"Proposition","crossref-cnj-title":"Conjecture","crossref-def-title":"Definition","crossref-exm-title":"Example","crossref-exr-title":"Exercise","crossref-ch-prefix":"Chapter","crossref-apx-prefix":"Appendix","crossref-sec-prefix":"Section","crossref-eq-prefix":"Equation","crossref-lof-title":"List of Figures","crossref-lot-title":"List of Tables","crossref-lol-title":"List of Listings","environment-proof-title":"Proof","environment-remark-title":"Remark","environment-solution-title":"Solution","listing-page-order-by":"Order By","listing-page-order-by-default":"Default","listing-page-order-by-date-asc":"Oldest","listing-page-order-by-date-desc":"Newest","listing-page-order-by-number-desc":"High to Low","listing-page-order-by-number-asc":"Low to High","listing-page-field-date":"Date","listing-page-field-title":"Title","listing-page-field-description":"Description","listing-page-field-author":"Author","listing-page-field-filename":"File Name","listing-page-field-filemodified":"Modified","listing-page-field-subtitle":"Subtitle","listing-page-field-readingtime":"Reading Time","listing-page-field-wordcount":"Word Count","listing-page-field-categories":"Categories","listing-page-minutes-compact":"{0} min","listing-page-category-all":"All","listing-page-no-matches":"No matching items","listing-page-words":"{0} words","listing-page-filter":"Filter","draft":"Draft"},"metadata":{"lang":"en","fig-responsive":true,"quarto-version":"1.6.42","theme":{"light":["cosmo","styles/styles.scss"]},"mainfont":"Source Sans Pro","monofont":"Fira Code","title":"Programa del Curso"},"extensions":{"book":{"multiFile":true}}}},"projectFormats":["html"]}