{"title":"Sesión 1: Introducción a R y Estadística Descriptiva (I)","markdown":{"yaml":{"title":"Sesión 1: Introducción a R y Estadística Descriptiva (I)","subtitle":"Taller de Métodos y Técnicas de Investigación I","date":"2024-03-15","format":{"html":{"code-fold":false,"code-tools":true,"toc":true,"toc-depth":3}}},"headingText":"Objetivos de la sesión","containsRefs":false,"markdown":"\n\n\nAl finalizar esta sesión serás capaz de:\n\n- Navegar en la interfaz de RStudio\n- Crear y manipular objetos básicos en R (vectores, dataframes)\n- Importar datos desde archivos CSV\n- Calcular medidas de tendencia central\n- Crear tablas de frecuencia simples y de contingencia\n\n---\n\n## 1. Introducción a R y RStudio\n\n### ¿Qué es R?\n\nR es un lenguaje de programación especializado en análisis estadístico y visualización de datos. Es:\n\n- **Gratuito y de código abierto**\n- **Potente** para análisis estadísticos complejos\n- **Versátil** con miles de paquetes disponibles\n- **Reproducible** - tu análisis queda documentado en código\n\n### La interfaz de RStudio\n\nRStudio tiene 4 paneles principales:\n\n1. **Editor** (arriba izquierda): Donde escribes tu código en scripts\n2. **Consola** (abajo izquierda): Donde se ejecuta el código y ves resultados\n3. **Environment** (arriba derecha): Muestra tus objetos/datos cargados\n4. **Files/Plots/Help** (abajo derecha): Archivos, gráficos, ayuda\n\n::: {.callout-tip}\n## Consejo\nSiempre trabaja con **scripts** (archivos .R o .qmd) en lugar de escribir directo en la consola. Así tu trabajo queda guardado y es reproducible.\n:::\n\n---\n\n## 2. Conceptos básicos de R\n\n### Preparación\n\n```{r}\n#| label: setup\n#| message: false\n#| warning: false\n\n# Cargar librerías necesarias\nlibrary(tidyverse)  # Para manipulación de datos\nlibrary(psych)      # Para estadística descriptiva\n\n# Configuración\noptions(scipen = 999)  # Evitar notación científica\n```\n\n### Operaciones básicas\n\nR funciona como una calculadora avanzada:\n\n```{r}\n#| label: operaciones-basicas\n\n# Operaciones aritméticas\n5 + 3\n10 - 2\n4 * 6\n20 / 4\n2^3  # Potencia\n\n# R respeta el orden de operaciones\n(5 + 3) * 2\n```\n\n### Crear objetos\n\nEn R guardamos información en **objetos** usando `<-`:\n\n```{r}\n#| label: crear-objetos\n\n# Crear un objeto numérico\nedad <- 25\nedad\n\n# Crear un vector (secuencia de valores)\nedades <- c(23, 25, 28, 30, 22, 27)\nedades\n\n# Operaciones con vectores\nmean(edades)    # Promedio\nlength(edades)  # Largo del vector\n```\n\n::: {.callout-note}\n## Nota importante\nLos nombres de objetos:\n- Pueden contener letras, números, `.` y `_`\n- NO pueden empezar con números\n- R distingue entre mayúsculas y minúsculas (`edad ≠ Edad`)\n:::\n\n### Tipos de datos\n\n```{r}\n#| label: tipos-datos\n\n# Numérico\nnumero <- 42\nclass(numero)\n\n# Carácter (texto)\nnombre <- \"María\"\nclass(nombre)\n\n# Lógico\nes_estudiante <- TRUE\nclass(es_estudiante)\n\n# Factor (categorías)\nnivel_educacion <- factor(c(\"Básica\", \"Media\", \"Superior\", \"Media\"))\nnivel_educacion\n```\n\n---\n\n## 3. Trabajar con DataFrames\n\nLos **dataframes** son tablas de datos, similares a hojas de Excel. Cada columna es una variable, cada fila es una observación.\n\n### Crear un dataframe\n\n```{r}\n#| label: crear-dataframe\n\n# Crear un dataframe desde vectores\nestudiantes <- data.frame(\n  nombre = c(\"Ana\", \"Bruno\", \"Carla\", \"Diego\", \"Elena\"),\n  edad = c(23, 25, 24, 26, 23),\n  carrera = c(\"Sociología\", \"Sociología\", \"Antropología\", \n              \"Sociología\", \"Antropología\"),\n  nota = c(6.5, 5.8, 6.9, 6.2, 7.0)\n)\n\n# Ver el dataframe\nestudiantes\n```\n\n### Explorar datos\n\n```{r}\n#| label: explorar-datos\n\n# Estructura del dataframe\nstr(estudiantes)\n\n# Primeras filas\nhead(estudiantes, 3)\n\n# Dimensiones (filas x columnas)\ndim(estudiantes)\n\n# Resumen estadístico\nsummary(estudiantes)\n```\n\n### Acceder a variables\n\n```{r}\n#| label: acceder-variables\n\n# Acceder a una columna específica con $\nestudiantes$edad\n\n# Otra forma: usando corchetes\nestudiantes[, \"edad\"]\n\n# Calcular estadísticos de una variable\nmean(estudiantes$nota)\nsd(estudiantes$nota)\n```\n\n---\n\n## 4. Importar datos\n\nEn la práctica, casi siempre importaremos datos desde archivos externos.\n\n### Importar CSV\n\n```{r}\n#| label: importar-csv\n#| eval: false\n\n# Importar archivo CSV\ndatos <- read.csv(\"../data/ejemplo.csv\")\n\n# Con tidyverse (recomendado)\ndatos <- read_csv(\"../data/ejemplo.csv\")\n\n# Ver primeras filas\nhead(datos)\n```\n\n::: {.callout-tip}\n## Tip: Rutas relativas\nUsa rutas relativas desde tu archivo .qmd:\n- `../data/archivo.csv` (sube una carpeta, entra a data)\n- Nunca uses `C:/Mi Computador/...` (no funcionará en otros computadores)\n:::\n\n### Para esta sesión: datos simulados\n\nCrearemos datos de ejemplo sobre una encuesta de satisfacción:\n\n```{r}\n#| label: datos-ejemplo\n\n# Simular datos de encuesta\nset.seed(123)  # Para reproducibilidad\n\nencuesta <- data.frame(\n  id = 1:100,\n  edad = sample(18:65, 100, replace = TRUE),\n  sexo = sample(c(\"Mujer\", \"Hombre\", \"Otro\"), 100, \n                replace = TRUE, prob = c(0.5, 0.48, 0.02)),\n  educacion = sample(c(\"Básica\", \"Media\", \"Técnica\", \"Universitaria\", \"Postgrado\"), \n                     100, replace = TRUE),\n  satisfaccion = sample(1:7, 100, replace = TRUE),\n  ingreso = rnorm(100, mean = 800000, sd = 300000)\n)\n\n# Vista previa\nhead(encuesta, 10)\n```\n\n---\n\n## 5. Estadística Descriptiva (I)\n\nLa estadística descriptiva resume y organiza datos. Comenzaremos con **medidas de tendencia central**.\n\n### Medidas de tendencia central\n\nSon valores que representan el \"centro\" de los datos:\n\n::: {.callout-note}\n## Definiciones\n\n- **Media (promedio)**: Suma de valores / cantidad de valores\n- **Mediana**: Valor que divide los datos en dos mitades iguales\n- **Moda**: Valor más frecuente\n:::\n\n```{r}\n#| label: tendencia-central\n\n# Media\nmean(encuesta$edad)\n\n# Mediana\nmedian(encuesta$edad)\n\n# Para variables categóricas: tabla de frecuencias\ntable(encuesta$educacion)\n\n# Moda (el valor más frecuente)\n# R no tiene función directa, usamos table\ntabla_educacion <- table(encuesta$educacion)\nnames(tabla_educacion)[which.max(tabla_educacion)]\n```\n\n### Comparación media vs mediana\n\n```{r}\n#| label: fig-media-mediana\n#| fig-cap: \"Distribución de ingresos con media y mediana\"\n#| fig-width: 8\n#| fig-height: 5\n\n# Crear histograma con media y mediana\nggplot(encuesta, aes(x = ingreso)) +\n  geom_histogram(bins = 30, fill = \"steelblue\", alpha = 0.7) +\n  geom_vline(aes(xintercept = mean(ingreso), color = \"Media\"), \n             linewidth = 1.2, linetype = \"dashed\") +\n  geom_vline(aes(xintercept = median(ingreso), color = \"Mediana\"), \n             linewidth = 1.2, linetype = \"dashed\") +\n  scale_color_manual(name = \"\", \n                     values = c(\"Media\" = \"red\", \"Mediana\" = \"blue\")) +\n  theme_minimal() +\n  labs(title = \"Distribución de Ingresos\",\n       x = \"Ingreso (CLP)\",\n       y = \"Frecuencia\") +\n  scale_x_continuous(labels = scales::comma)\n```\n\n**Interpretación:** La media es sensible a valores extremos, mientras que la mediana es más robusta.\n\n---\n\n## 6. Tablas de frecuencia\n\nLas tablas de frecuencia organizan datos categóricos contando cuántas veces aparece cada valor.\n\n### Tabla de frecuencia simple\n\n```{r}\n#| label: tabla-simple\n\n# Frecuencias absolutas\ntable(encuesta$sexo)\n\n# Frecuencias relativas (proporciones)\nprop.table(table(encuesta$sexo))\n\n# Frecuencias relativas en porcentaje\nprop.table(table(encuesta$sexo)) * 100\n```\n\n### Tabla más elaborada\n\n```{r}\n#| label: tabla-elaborada\n\n# Crear tabla con frecuencias y porcentajes\ntabla_sexo <- as.data.frame(table(encuesta$sexo))\ncolnames(tabla_sexo) <- c(\"Sexo\", \"Frecuencia\")\ntabla_sexo$Porcentaje <- round(prop.table(tabla_sexo$Frecuencia) * 100, 1)\n\n# Mostrar con kable\nlibrary(knitr)\nkable(tabla_sexo, caption = \"Distribución por sexo\")\n```\n\n### Tabla de contingencia (dos variables)\n\nLas tablas de contingencia cruzan dos variables categóricas:\n\n```{r}\n#| label: tabla-contingencia\n\n# Tabla de contingencia: sexo x educación\ntabla_cruzada <- table(encuesta$sexo, encuesta$educacion)\ntabla_cruzada\n\n# Agregar totales marginales\naddmargins(tabla_cruzada)\n```\n\n### Proporciones por fila o columna\n\n```{r}\n#| label: proporciones-tabla\n\n# Proporciones por fila (cada fila suma 100%)\nprop.table(tabla_cruzada, margin = 1) * 100\n\n# Proporciones por columna (cada columna suma 100%)\nprop.table(tabla_cruzada, margin = 2) * 100\n```\n\n---\n\n## 7. Visualización de frecuencias\n\n### Gráfico de barras\n\n```{r}\n#| label: fig-barras\n#| fig-cap: \"Distribución de nivel educacional\"\n#| fig-width: 8\n#| fig-height: 5\n\nggplot(encuesta, aes(x = educacion)) +\n  geom_bar(fill = \"steelblue\", alpha = 0.8) +\n  theme_minimal() +\n  labs(title = \"Distribución de Nivel Educacional\",\n       x = \"Nivel Educacional\",\n       y = \"Frecuencia\") +\n  theme(axis.text.x = element_text(angle = 45, hjust = 1))\n```\n\n### Gráfico de barras agrupadas\n\n```{r}\n#| label: fig-barras-agrupadas\n#| fig-cap: \"Nivel educacional por sexo\"\n#| fig-width: 10\n#| fig-height: 6\n\nggplot(encuesta, aes(x = educacion, fill = sexo)) +\n  geom_bar(position = \"dodge\") +\n  theme_minimal() +\n  labs(title = \"Nivel Educacional por Sexo\",\n       x = \"Nivel Educacional\",\n       y = \"Frecuencia\",\n       fill = \"Sexo\") +\n  theme(axis.text.x = element_text(angle = 45, hjust = 1))\n```\n\n---\n\n## 8. Ejercicios prácticos\n\n::: {.callout-tip}\n## Ejercicio 1: Calcular estadísticos\n\nUsando los datos de `encuesta`:\n\na) Calcula la edad promedio\nb) Calcula la edad mediana\nc) ¿Cuál es la satisfacción promedio?\nd) ¿Cuál es el ingreso mediano?\n\n**Pista:** Usa las funciones `mean()` y `median()`\n:::\n\n```{r}\n#| label: ejercicio-1\n#| eval: false\n#| code-fold: true\n\n# Tu código aquí\n\n```\n\n::: {.callout-tip collapse=\"true\"}\n## Solución Ejercicio 1\n\n```{r}\n#| label: solucion-1\n\n# a) Edad promedio\nmean(encuesta$edad)\n\n# b) Edad mediana\nmedian(encuesta$edad)\n\n# c) Satisfacción promedio\nmean(encuesta$satisfaccion)\n\n# d) Ingreso mediano\nmedian(encuesta$ingreso)\n```\n:::\n\n---\n\n::: {.callout-tip}\n## Ejercicio 2: Tablas de frecuencia\n\nCrea una tabla de frecuencias para la variable `educacion` que incluya:\n- Frecuencia absoluta\n- Frecuencia relativa (porcentaje)\n\n**Pista:** Usa `table()` y `prop.table()`\n:::\n\n```{r}\n#| label: ejercicio-2\n#| eval: false\n#| code-fold: true\n\n# Tu código aquí\n\n```\n\n::: {.callout-tip collapse=\"true\"}\n## Solución Ejercicio 2\n\n```{r}\n#| label: solucion-2\n\n# Crear tabla\ntabla_educ <- as.data.frame(table(encuesta$educacion))\ncolnames(tabla_educ) <- c(\"Nivel\", \"Frecuencia\")\ntabla_educ$Porcentaje <- round(prop.table(tabla_educ$Frecuencia) * 100, 1)\n\n# Mostrar\nkable(tabla_educ)\n```\n:::\n\n---\n\n::: {.callout-tip}\n## Ejercicio 3: Tabla de contingencia\n\nCrea una tabla de contingencia entre `sexo` y `educacion`.\nLuego calcula las proporciones por fila.\n\n¿Qué porcentaje de mujeres tiene educación universitaria?\n:::\n\n```{r}\n#| label: ejercicio-3\n#| eval: false\n#| code-fold: true\n\n# Tu código aquí\n\n```\n\n::: {.callout-tip collapse=\"true\"}\n## Solución Ejercicio 3\n\n```{r}\n#| label: solucion-3\n\n# Tabla de contingencia\ntabla <- table(encuesta$sexo, encuesta$educacion)\ntabla\n\n# Proporciones por fila\nprop_fila <- prop.table(tabla, margin = 1) * 100\nround(prop_fila, 1)\n\n# El porcentaje de mujeres con educación universitaria es:\nprop_fila[\"Mujer\", \"Universitaria\"]\n```\n:::\n\n---\n\n## Resumen\n\nEn esta sesión aprendimos:\n\n- ✅ Navegar en RStudio y crear scripts\n- ✅ Crear y manipular objetos básicos (vectores, dataframes)\n- ✅ Importar datos desde CSV\n- ✅ Calcular medidas de tendencia central (media, mediana, moda)\n- ✅ Crear tablas de frecuencia simples y de contingencia\n- ✅ Visualizar datos con gráficos de barras\n\n---\n\n## Recursos adicionales\n\n### Lecturas recomendadas\n\n- Navarro, D. (2015). *Learning Statistics with R*. Capítulos 3-5. [Disponible online](https://learningstatisticswithr.com/)\n- Wickham, H., & Grolemund, G. (2017). *R for Data Science*. Capítulos 1-4. [Disponible online](https://r4ds.had.co.nz/)\n\n### Videos\n\n- [Introducción a RStudio (10 min)](https://www.youtube.com/watch?v=lVKMsaWju8w)\n- [R para principiantes](https://www.youtube.com/watch?v=_V8eKsto3Ug)\n\n### Práctica adicional\n\n- [Swirl - Learn R, in R](https://swirlstats.com/) - Tutorial interactivo\n- [R for Data Science - Ejercicios](https://r4ds.hadley.nz/data-transform.html#exercises-9)\n\n---\n\n## Para la próxima sesión\n\n::: {.callout-important}\n## Tareas\n\n1. Completar los 3 ejercicios de esta sesión\n2. Instalar el paquete `psych`: `install.packages(\"psych\")`\n3. Traer un dataset propio (opcional) o trabajaremos con datos de ejemplo\n4. Leer: Navarro, Capítulo 5 (Medidas de dispersión)\n:::\n\n::: {.callout-note}\n## Recordatorio\n\nLa entrega de ejercicios es el [fecha]. Formato: archivo `.qmd` + HTML renderizado.\n:::\n","srcMarkdownNoYaml":"\n\n## Objetivos de la sesión\n\nAl finalizar esta sesión serás capaz de:\n\n- Navegar en la interfaz de RStudio\n- Crear y manipular objetos básicos en R (vectores, dataframes)\n- Importar datos desde archivos CSV\n- Calcular medidas de tendencia central\n- Crear tablas de frecuencia simples y de contingencia\n\n---\n\n## 1. Introducción a R y RStudio\n\n### ¿Qué es R?\n\nR es un lenguaje de programación especializado en análisis estadístico y visualización de datos. Es:\n\n- **Gratuito y de código abierto**\n- **Potente** para análisis estadísticos complejos\n- **Versátil** con miles de paquetes disponibles\n- **Reproducible** - tu análisis queda documentado en código\n\n### La interfaz de RStudio\n\nRStudio tiene 4 paneles principales:\n\n1. **Editor** (arriba izquierda): Donde escribes tu código en scripts\n2. **Consola** (abajo izquierda): Donde se ejecuta el código y ves resultados\n3. **Environment** (arriba derecha): Muestra tus objetos/datos cargados\n4. **Files/Plots/Help** (abajo derecha): Archivos, gráficos, ayuda\n\n::: {.callout-tip}\n## Consejo\nSiempre trabaja con **scripts** (archivos .R o .qmd) en lugar de escribir directo en la consola. Así tu trabajo queda guardado y es reproducible.\n:::\n\n---\n\n## 2. Conceptos básicos de R\n\n### Preparación\n\n```{r}\n#| label: setup\n#| message: false\n#| warning: false\n\n# Cargar librerías necesarias\nlibrary(tidyverse)  # Para manipulación de datos\nlibrary(psych)      # Para estadística descriptiva\n\n# Configuración\noptions(scipen = 999)  # Evitar notación científica\n```\n\n### Operaciones básicas\n\nR funciona como una calculadora avanzada:\n\n```{r}\n#| label: operaciones-basicas\n\n# Operaciones aritméticas\n5 + 3\n10 - 2\n4 * 6\n20 / 4\n2^3  # Potencia\n\n# R respeta el orden de operaciones\n(5 + 3) * 2\n```\n\n### Crear objetos\n\nEn R guardamos información en **objetos** usando `<-`:\n\n```{r}\n#| label: crear-objetos\n\n# Crear un objeto numérico\nedad <- 25\nedad\n\n# Crear un vector (secuencia de valores)\nedades <- c(23, 25, 28, 30, 22, 27)\nedades\n\n# Operaciones con vectores\nmean(edades)    # Promedio\nlength(edades)  # Largo del vector\n```\n\n::: {.callout-note}\n## Nota importante\nLos nombres de objetos:\n- Pueden contener letras, números, `.` y `_`\n- NO pueden empezar con números\n- R distingue entre mayúsculas y minúsculas (`edad ≠ Edad`)\n:::\n\n### Tipos de datos\n\n```{r}\n#| label: tipos-datos\n\n# Numérico\nnumero <- 42\nclass(numero)\n\n# Carácter (texto)\nnombre <- \"María\"\nclass(nombre)\n\n# Lógico\nes_estudiante <- TRUE\nclass(es_estudiante)\n\n# Factor (categorías)\nnivel_educacion <- factor(c(\"Básica\", \"Media\", \"Superior\", \"Media\"))\nnivel_educacion\n```\n\n---\n\n## 3. Trabajar con DataFrames\n\nLos **dataframes** son tablas de datos, similares a hojas de Excel. Cada columna es una variable, cada fila es una observación.\n\n### Crear un dataframe\n\n```{r}\n#| label: crear-dataframe\n\n# Crear un dataframe desde vectores\nestudiantes <- data.frame(\n  nombre = c(\"Ana\", \"Bruno\", \"Carla\", \"Diego\", \"Elena\"),\n  edad = c(23, 25, 24, 26, 23),\n  carrera = c(\"Sociología\", \"Sociología\", \"Antropología\", \n              \"Sociología\", \"Antropología\"),\n  nota = c(6.5, 5.8, 6.9, 6.2, 7.0)\n)\n\n# Ver el dataframe\nestudiantes\n```\n\n### Explorar datos\n\n```{r}\n#| label: explorar-datos\n\n# Estructura del dataframe\nstr(estudiantes)\n\n# Primeras filas\nhead(estudiantes, 3)\n\n# Dimensiones (filas x columnas)\ndim(estudiantes)\n\n# Resumen estadístico\nsummary(estudiantes)\n```\n\n### Acceder a variables\n\n```{r}\n#| label: acceder-variables\n\n# Acceder a una columna específica con $\nestudiantes$edad\n\n# Otra forma: usando corchetes\nestudiantes[, \"edad\"]\n\n# Calcular estadísticos de una variable\nmean(estudiantes$nota)\nsd(estudiantes$nota)\n```\n\n---\n\n## 4. Importar datos\n\nEn la práctica, casi siempre importaremos datos desde archivos externos.\n\n### Importar CSV\n\n```{r}\n#| label: importar-csv\n#| eval: false\n\n# Importar archivo CSV\ndatos <- read.csv(\"../data/ejemplo.csv\")\n\n# Con tidyverse (recomendado)\ndatos <- read_csv(\"../data/ejemplo.csv\")\n\n# Ver primeras filas\nhead(datos)\n```\n\n::: {.callout-tip}\n## Tip: Rutas relativas\nUsa rutas relativas desde tu archivo .qmd:\n- `../data/archivo.csv` (sube una carpeta, entra a data)\n- Nunca uses `C:/Mi Computador/...` (no funcionará en otros computadores)\n:::\n\n### Para esta sesión: datos simulados\n\nCrearemos datos de ejemplo sobre una encuesta de satisfacción:\n\n```{r}\n#| label: datos-ejemplo\n\n# Simular datos de encuesta\nset.seed(123)  # Para reproducibilidad\n\nencuesta <- data.frame(\n  id = 1:100,\n  edad = sample(18:65, 100, replace = TRUE),\n  sexo = sample(c(\"Mujer\", \"Hombre\", \"Otro\"), 100, \n                replace = TRUE, prob = c(0.5, 0.48, 0.02)),\n  educacion = sample(c(\"Básica\", \"Media\", \"Técnica\", \"Universitaria\", \"Postgrado\"), \n                     100, replace = TRUE),\n  satisfaccion = sample(1:7, 100, replace = TRUE),\n  ingreso = rnorm(100, mean = 800000, sd = 300000)\n)\n\n# Vista previa\nhead(encuesta, 10)\n```\n\n---\n\n## 5. Estadística Descriptiva (I)\n\nLa estadística descriptiva resume y organiza datos. Comenzaremos con **medidas de tendencia central**.\n\n### Medidas de tendencia central\n\nSon valores que representan el \"centro\" de los datos:\n\n::: {.callout-note}\n## Definiciones\n\n- **Media (promedio)**: Suma de valores / cantidad de valores\n- **Mediana**: Valor que divide los datos en dos mitades iguales\n- **Moda**: Valor más frecuente\n:::\n\n```{r}\n#| label: tendencia-central\n\n# Media\nmean(encuesta$edad)\n\n# Mediana\nmedian(encuesta$edad)\n\n# Para variables categóricas: tabla de frecuencias\ntable(encuesta$educacion)\n\n# Moda (el valor más frecuente)\n# R no tiene función directa, usamos table\ntabla_educacion <- table(encuesta$educacion)\nnames(tabla_educacion)[which.max(tabla_educacion)]\n```\n\n### Comparación media vs mediana\n\n```{r}\n#| label: fig-media-mediana\n#| fig-cap: \"Distribución de ingresos con media y mediana\"\n#| fig-width: 8\n#| fig-height: 5\n\n# Crear histograma con media y mediana\nggplot(encuesta, aes(x = ingreso)) +\n  geom_histogram(bins = 30, fill = \"steelblue\", alpha = 0.7) +\n  geom_vline(aes(xintercept = mean(ingreso), color = \"Media\"), \n             linewidth = 1.2, linetype = \"dashed\") +\n  geom_vline(aes(xintercept = median(ingreso), color = \"Mediana\"), \n             linewidth = 1.2, linetype = \"dashed\") +\n  scale_color_manual(name = \"\", \n                     values = c(\"Media\" = \"red\", \"Mediana\" = \"blue\")) +\n  theme_minimal() +\n  labs(title = \"Distribución de Ingresos\",\n       x = \"Ingreso (CLP)\",\n       y = \"Frecuencia\") +\n  scale_x_continuous(labels = scales::comma)\n```\n\n**Interpretación:** La media es sensible a valores extremos, mientras que la mediana es más robusta.\n\n---\n\n## 6. Tablas de frecuencia\n\nLas tablas de frecuencia organizan datos categóricos contando cuántas veces aparece cada valor.\n\n### Tabla de frecuencia simple\n\n```{r}\n#| label: tabla-simple\n\n# Frecuencias absolutas\ntable(encuesta$sexo)\n\n# Frecuencias relativas (proporciones)\nprop.table(table(encuesta$sexo))\n\n# Frecuencias relativas en porcentaje\nprop.table(table(encuesta$sexo)) * 100\n```\n\n### Tabla más elaborada\n\n```{r}\n#| label: tabla-elaborada\n\n# Crear tabla con frecuencias y porcentajes\ntabla_sexo <- as.data.frame(table(encuesta$sexo))\ncolnames(tabla_sexo) <- c(\"Sexo\", \"Frecuencia\")\ntabla_sexo$Porcentaje <- round(prop.table(tabla_sexo$Frecuencia) * 100, 1)\n\n# Mostrar con kable\nlibrary(knitr)\nkable(tabla_sexo, caption = \"Distribución por sexo\")\n```\n\n### Tabla de contingencia (dos variables)\n\nLas tablas de contingencia cruzan dos variables categóricas:\n\n```{r}\n#| label: tabla-contingencia\n\n# Tabla de contingencia: sexo x educación\ntabla_cruzada <- table(encuesta$sexo, encuesta$educacion)\ntabla_cruzada\n\n# Agregar totales marginales\naddmargins(tabla_cruzada)\n```\n\n### Proporciones por fila o columna\n\n```{r}\n#| label: proporciones-tabla\n\n# Proporciones por fila (cada fila suma 100%)\nprop.table(tabla_cruzada, margin = 1) * 100\n\n# Proporciones por columna (cada columna suma 100%)\nprop.table(tabla_cruzada, margin = 2) * 100\n```\n\n---\n\n## 7. Visualización de frecuencias\n\n### Gráfico de barras\n\n```{r}\n#| label: fig-barras\n#| fig-cap: \"Distribución de nivel educacional\"\n#| fig-width: 8\n#| fig-height: 5\n\nggplot(encuesta, aes(x = educacion)) +\n  geom_bar(fill = \"steelblue\", alpha = 0.8) +\n  theme_minimal() +\n  labs(title = \"Distribución de Nivel Educacional\",\n       x = \"Nivel Educacional\",\n       y = \"Frecuencia\") +\n  theme(axis.text.x = element_text(angle = 45, hjust = 1))\n```\n\n### Gráfico de barras agrupadas\n\n```{r}\n#| label: fig-barras-agrupadas\n#| fig-cap: \"Nivel educacional por sexo\"\n#| fig-width: 10\n#| fig-height: 6\n\nggplot(encuesta, aes(x = educacion, fill = sexo)) +\n  geom_bar(position = \"dodge\") +\n  theme_minimal() +\n  labs(title = \"Nivel Educacional por Sexo\",\n       x = \"Nivel Educacional\",\n       y = \"Frecuencia\",\n       fill = \"Sexo\") +\n  theme(axis.text.x = element_text(angle = 45, hjust = 1))\n```\n\n---\n\n## 8. Ejercicios prácticos\n\n::: {.callout-tip}\n## Ejercicio 1: Calcular estadísticos\n\nUsando los datos de `encuesta`:\n\na) Calcula la edad promedio\nb) Calcula la edad mediana\nc) ¿Cuál es la satisfacción promedio?\nd) ¿Cuál es el ingreso mediano?\n\n**Pista:** Usa las funciones `mean()` y `median()`\n:::\n\n```{r}\n#| label: ejercicio-1\n#| eval: false\n#| code-fold: true\n\n# Tu código aquí\n\n```\n\n::: {.callout-tip collapse=\"true\"}\n## Solución Ejercicio 1\n\n```{r}\n#| label: solucion-1\n\n# a) Edad promedio\nmean(encuesta$edad)\n\n# b) Edad mediana\nmedian(encuesta$edad)\n\n# c) Satisfacción promedio\nmean(encuesta$satisfaccion)\n\n# d) Ingreso mediano\nmedian(encuesta$ingreso)\n```\n:::\n\n---\n\n::: {.callout-tip}\n## Ejercicio 2: Tablas de frecuencia\n\nCrea una tabla de frecuencias para la variable `educacion` que incluya:\n- Frecuencia absoluta\n- Frecuencia relativa (porcentaje)\n\n**Pista:** Usa `table()` y `prop.table()`\n:::\n\n```{r}\n#| label: ejercicio-2\n#| eval: false\n#| code-fold: true\n\n# Tu código aquí\n\n```\n\n::: {.callout-tip collapse=\"true\"}\n## Solución Ejercicio 2\n\n```{r}\n#| label: solucion-2\n\n# Crear tabla\ntabla_educ <- as.data.frame(table(encuesta$educacion))\ncolnames(tabla_educ) <- c(\"Nivel\", \"Frecuencia\")\ntabla_educ$Porcentaje <- round(prop.table(tabla_educ$Frecuencia) * 100, 1)\n\n# Mostrar\nkable(tabla_educ)\n```\n:::\n\n---\n\n::: {.callout-tip}\n## Ejercicio 3: Tabla de contingencia\n\nCrea una tabla de contingencia entre `sexo` y `educacion`.\nLuego calcula las proporciones por fila.\n\n¿Qué porcentaje de mujeres tiene educación universitaria?\n:::\n\n```{r}\n#| label: ejercicio-3\n#| eval: false\n#| code-fold: true\n\n# Tu código aquí\n\n```\n\n::: {.callout-tip collapse=\"true\"}\n## Solución Ejercicio 3\n\n```{r}\n#| label: solucion-3\n\n# Tabla de contingencia\ntabla <- table(encuesta$sexo, encuesta$educacion)\ntabla\n\n# Proporciones por fila\nprop_fila <- prop.table(tabla, margin = 1) * 100\nround(prop_fila, 1)\n\n# El porcentaje de mujeres con educación universitaria es:\nprop_fila[\"Mujer\", \"Universitaria\"]\n```\n:::\n\n---\n\n## Resumen\n\nEn esta sesión aprendimos:\n\n- ✅ Navegar en RStudio y crear scripts\n- ✅ Crear y manipular objetos básicos (vectores, dataframes)\n- ✅ Importar datos desde CSV\n- ✅ Calcular medidas de tendencia central (media, mediana, moda)\n- ✅ Crear tablas de frecuencia simples y de contingencia\n- ✅ Visualizar datos con gráficos de barras\n\n---\n\n## Recursos adicionales\n\n### Lecturas recomendadas\n\n- Navarro, D. (2015). *Learning Statistics with R*. Capítulos 3-5. [Disponible online](https://learningstatisticswithr.com/)\n- Wickham, H., & Grolemund, G. (2017). *R for Data Science*. Capítulos 1-4. [Disponible online](https://r4ds.had.co.nz/)\n\n### Videos\n\n- [Introducción a RStudio (10 min)](https://www.youtube.com/watch?v=lVKMsaWju8w)\n- [R para principiantes](https://www.youtube.com/watch?v=_V8eKsto3Ug)\n\n### Práctica adicional\n\n- [Swirl - Learn R, in R](https://swirlstats.com/) - Tutorial interactivo\n- [R for Data Science - Ejercicios](https://r4ds.hadley.nz/data-transform.html#exercises-9)\n\n---\n\n## Para la próxima sesión\n\n::: {.callout-important}\n## Tareas\n\n1. Completar los 3 ejercicios de esta sesión\n2. Instalar el paquete `psych`: `install.packages(\"psych\")`\n3. Traer un dataset propio (opcional) o trabajaremos con datos de ejemplo\n4. Leer: Navarro, Capítulo 5 (Medidas de dispersión)\n:::\n\n::: {.callout-note}\n## Recordatorio\n\nLa entrega de ejercicios es el [fecha]. Formato: archivo `.qmd` + HTML renderizado.\n:::\n"},"formats":{"html":{"identifier":{"display-name":"HTML","target-format":"html","base-format":"html"},"execute":{"fig-width":7,"fig-height":5,"fig-format":"retina","fig-dpi":96,"df-print":"default","error":false,"eval":true,"cache":null,"freeze":"auto","echo":true,"output":true,"warning":false,"include":true,"keep-md":false,"keep-ipynb":false,"ipynb":null,"enabled":null,"daemon":null,"daemon-restart":false,"debug":false,"ipynb-filters":[],"ipynb-shell-interactivity":null,"plotly-connected":true,"message":false,"engine":"knitr"},"render":{"keep-tex":false,"keep-typ":false,"keep-source":false,"keep-hidden":false,"prefer-html":false,"output-divs":true,"output-ext":"html","fig-align":"default","fig-pos":null,"fig-env":null,"code-fold":false,"code-overflow":"scroll","code-link":false,"code-line-numbers":false,"code-tools":true,"tbl-colwidths":"auto","merge-includes":true,"inline-includes":false,"preserve-yaml":false,"latex-auto-mk":true,"latex-auto-install":true,"latex-clean":true,"latex-min-runs":1,"latex-max-runs":10,"latex-makeindex":"makeindex","latex-makeindex-opts":[],"latex-tlmgr-opts":[],"latex-input-paths":[],"latex-output-dir":null,"link-external-icon":false,"link-external-newwindow":false,"self-contained-math":false,"format-resources":[],"notebook-links":true},"pandoc":{"standalone":true,"wrap":"none","default-image-extension":"png","to":"html","css":["../styles/styles.scss"],"include-in-header":[{"text":"<link rel=\"preconnect\" href=\"https://fonts.googleapis.com\">\n<link rel=\"preconnect\" href=\"https://fonts.gstatic.com\" crossorigin>\n<link href=\"https://fonts.googleapis.com/css2?family=Montserrat:wght@400;600;700&family=Source+Sans+Pro:wght@300;400;600&family=Fira+Code:wght@400;500&display=swap\" rel=\"stylesheet\">\n"}],"toc":true,"toc-depth":3,"output-file":"01-intro.html"},"language":{"toc-title-document":"Table of contents","toc-title-website":"On this page","related-formats-title":"Other Formats","related-notebooks-title":"Notebooks","source-notebooks-prefix":"Source","other-links-title":"Other Links","code-links-title":"Code Links","launch-dev-container-title":"Launch Dev Container","launch-binder-title":"Launch Binder","article-notebook-label":"Article Notebook","notebook-preview-download":"Download Notebook","notebook-preview-download-src":"Download Source","notebook-preview-back":"Back to Article","manuscript-meca-bundle":"MECA Bundle","section-title-abstract":"Abstract","section-title-appendices":"Appendices","section-title-footnotes":"Footnotes","section-title-references":"References","section-title-reuse":"Reuse","section-title-copyright":"Copyright","section-title-citation":"Citation","appendix-attribution-cite-as":"For attribution, please cite this work as:","appendix-attribution-bibtex":"BibTeX citation:","appendix-view-license":"View License","title-block-author-single":"Author","title-block-author-plural":"Authors","title-block-affiliation-single":"Affiliation","title-block-affiliation-plural":"Affiliations","title-block-published":"Published","title-block-modified":"Modified","title-block-keywords":"Keywords","callout-tip-title":"Tip","callout-note-title":"Note","callout-warning-title":"Warning","callout-important-title":"Important","callout-caution-title":"Caution","code-summary":"Code","code-tools-menu-caption":"Code","code-tools-show-all-code":"Show All Code","code-tools-hide-all-code":"Hide All Code","code-tools-view-source":"View Source","code-tools-source-code":"Source Code","tools-share":"Share","tools-download":"Download","code-line":"Line","code-lines":"Lines","copy-button-tooltip":"Copy to Clipboard","copy-button-tooltip-success":"Copied!","repo-action-links-edit":"Edit this page","repo-action-links-source":"View source","repo-action-links-issue":"Report an issue","back-to-top":"Back to top","search-no-results-text":"No results","search-matching-documents-text":"matching documents","search-copy-link-title":"Copy link to search","search-hide-matches-text":"Hide additional matches","search-more-match-text":"more match in this document","search-more-matches-text":"more matches in this document","search-clear-button-title":"Clear","search-text-placeholder":"","search-detached-cancel-button-title":"Cancel","search-submit-button-title":"Submit","search-label":"Search","toggle-section":"Toggle section","toggle-sidebar":"Toggle sidebar navigation","toggle-dark-mode":"Toggle dark mode","toggle-reader-mode":"Toggle reader mode","toggle-navigation":"Toggle navigation","crossref-fig-title":"Figure","crossref-tbl-title":"Table","crossref-lst-title":"Listing","crossref-thm-title":"Theorem","crossref-lem-title":"Lemma","crossref-cor-title":"Corollary","crossref-prp-title":"Proposition","crossref-cnj-title":"Conjecture","crossref-def-title":"Definition","crossref-exm-title":"Example","crossref-exr-title":"Exercise","crossref-ch-prefix":"Chapter","crossref-apx-prefix":"Appendix","crossref-sec-prefix":"Section","crossref-eq-prefix":"Equation","crossref-lof-title":"List of Figures","crossref-lot-title":"List of Tables","crossref-lol-title":"List of Listings","environment-proof-title":"Proof","environment-remark-title":"Remark","environment-solution-title":"Solution","listing-page-order-by":"Order By","listing-page-order-by-default":"Default","listing-page-order-by-date-asc":"Oldest","listing-page-order-by-date-desc":"Newest","listing-page-order-by-number-desc":"High to Low","listing-page-order-by-number-asc":"Low to High","listing-page-field-date":"Date","listing-page-field-title":"Title","listing-page-field-description":"Description","listing-page-field-author":"Author","listing-page-field-filename":"File Name","listing-page-field-filemodified":"Modified","listing-page-field-subtitle":"Subtitle","listing-page-field-readingtime":"Reading Time","listing-page-field-wordcount":"Word Count","listing-page-field-categories":"Categories","listing-page-minutes-compact":"{0} min","listing-page-category-all":"All","listing-page-no-matches":"No matching items","listing-page-words":"{0} words","listing-page-filter":"Filter","draft":"Draft"},"metadata":{"lang":"en","fig-responsive":true,"quarto-version":"1.6.42","theme":{"light":["cosmo","../styles/styles.scss"]},"mainfont":"Source Sans Pro","monofont":"Fira Code","title":"Sesión 1: Introducción a R y Estadística Descriptiva (I)","subtitle":"Taller de Métodos y Técnicas de Investigación I","date":"2024-03-15"},"extensions":{"book":{"multiFile":true}}}},"projectFormats":["html"]}