{"title":"Sesión X: [Título de la sesión]","markdown":{"yaml":{"title":"Sesión X: [Título de la sesión]","subtitle":"Taller de Métodos y Técnicas de Investigación I","date":"[Fecha]","format":{"html":{"code-fold":false,"code-tools":true,"toc":true,"toc-depth":3}}},"headingText":"Objetivos de la sesión","containsRefs":false,"markdown":"\n\n\nAl finalizar esta sesión serás capaz de:\n\n- Objetivo 1\n- Objetivo 2\n- Objetivo 3\n\n---\n\n## Preparación\n\n### Paquetes necesarios\n\n```{r}\n#| label: setup\n#| message: false\n#| warning: false\n\n# Cargar librerías\nlibrary(tidyverse)\n\n# Configuración general\noptions(scipen = 999) # Evitar notación científica\n```\n\n### Datos\n\nPara esta sesión utilizaremos [descripción del dataset]:\n\n```{r}\n#| label: load-data\n\n# Cargar datos\ndatos <- read.csv(\"../data/ene-2025-07-jja.csv\")\n\n# Vista previa\nhead(datos)\n```\n\n---\n\n## 1. Concepto teórico principal\n\nBreve explicación del concepto estadístico.\n\n::: {.callout-note}\n## Definición\n\nAquí va una definición formal o importante.\n:::\n\n### Subtema 1.1\n\nExplicación más detallada con ejemplos conceptuales.\n\n---\n\n## 2. Aplicación en R\n\n### 2.1 Primer ejemplo\n\nDescripción de lo que vamos a hacer:\n\n```\n# Código comentado paso a paso\nresultado <- funcion(datos)\n\n# Mostrar resultado\nresultado\n```\n\n**Interpretación:** Aquí explicas qué significa el resultado.\n\n### 2.2 Segundo ejemplo\n\n```{r}\n#| label: ejemplo-2\n\n# Otro ejemplo más complejo\n```\n\n---\n\n## 3. Visualización\n\nLas visualizaciones ayudan a entender mejor los resultados:\n\n```r\n#| label: fig-grafico1\n#| fig-cap: \"Descripción del gráfico\"\n#| fig-width: 8\n#| fig-height: 6\n\n# Código para generar gráfico\nggplot(datos, aes(x = variable_x, y = variable_y)) +\n  geom_point() +\n  theme_minimal() +\n  labs(title = \"Título del gráfico\",\n       x = \"Eje X\",\n       y = \"Eje Y\")\n```\n\n---\n\n## 4. Ejercicios prácticos\n\n::: {.callout-tip}\n## Ejercicio 1\n\n**Tarea:** Describe qué deben hacer.\n\n**Pista:** Una ayuda para empezar.\n:::\n\n```{r}\n#| label: ejercicio-1\n#| eval: false\n\n# Espacio para que los estudiantes completen el código\n\n```\n\n::: {.callout-tip collapse=\"true\"}\n## Solución Ejercicio 1\n\n```{r}\n#| label: solucion-1\n\n# Código de la solución\n```\n\n**Explicación:** Por qué esta es la solución correcta.\n:::\n\n---\n\n## Resumen\n\nEn esta sesión aprendimos:\n\n- Punto clave 1\n- Punto clave 2\n- Punto clave 3\n\n---\n\n## Recursos adicionales\n\n### Lecturas recomendadas\n\n- Autor (año). *Título del libro*. Páginas X-Y.\n- [Artículo online](URL)\n\n### Videos\n\n- [Tutorial en YouTube](URL)\n\n### Práctica adicional\n\n- [Ejercicios complementarios](URL)\n\n---\n\n## Para la próxima sesión\n\n::: {.callout-important}\n## Tareas\n\n1. Completar ejercicios de esta sesión\n2. Leer capítulo X\n3. Traer dudas para resolver\n:::\n\n\n\n","srcMarkdownNoYaml":"\n\n## Objetivos de la sesión\n\nAl finalizar esta sesión serás capaz de:\n\n- Objetivo 1\n- Objetivo 2\n- Objetivo 3\n\n---\n\n## Preparación\n\n### Paquetes necesarios\n\n```{r}\n#| label: setup\n#| message: false\n#| warning: false\n\n# Cargar librerías\nlibrary(tidyverse)\n\n# Configuración general\noptions(scipen = 999) # Evitar notación científica\n```\n\n### Datos\n\nPara esta sesión utilizaremos [descripción del dataset]:\n\n```{r}\n#| label: load-data\n\n# Cargar datos\ndatos <- read.csv(\"../data/ene-2025-07-jja.csv\")\n\n# Vista previa\nhead(datos)\n```\n\n---\n\n## 1. Concepto teórico principal\n\nBreve explicación del concepto estadístico.\n\n::: {.callout-note}\n## Definición\n\nAquí va una definición formal o importante.\n:::\n\n### Subtema 1.1\n\nExplicación más detallada con ejemplos conceptuales.\n\n---\n\n## 2. Aplicación en R\n\n### 2.1 Primer ejemplo\n\nDescripción de lo que vamos a hacer:\n\n```\n# Código comentado paso a paso\nresultado <- funcion(datos)\n\n# Mostrar resultado\nresultado\n```\n\n**Interpretación:** Aquí explicas qué significa el resultado.\n\n### 2.2 Segundo ejemplo\n\n```{r}\n#| label: ejemplo-2\n\n# Otro ejemplo más complejo\n```\n\n---\n\n## 3. Visualización\n\nLas visualizaciones ayudan a entender mejor los resultados:\n\n```r\n#| label: fig-grafico1\n#| fig-cap: \"Descripción del gráfico\"\n#| fig-width: 8\n#| fig-height: 6\n\n# Código para generar gráfico\nggplot(datos, aes(x = variable_x, y = variable_y)) +\n  geom_point() +\n  theme_minimal() +\n  labs(title = \"Título del gráfico\",\n       x = \"Eje X\",\n       y = \"Eje Y\")\n```\n\n---\n\n## 4. Ejercicios prácticos\n\n::: {.callout-tip}\n## Ejercicio 1\n\n**Tarea:** Describe qué deben hacer.\n\n**Pista:** Una ayuda para empezar.\n:::\n\n```{r}\n#| label: ejercicio-1\n#| eval: false\n\n# Espacio para que los estudiantes completen el código\n\n```\n\n::: {.callout-tip collapse=\"true\"}\n## Solución Ejercicio 1\n\n```{r}\n#| label: solucion-1\n\n# Código de la solución\n```\n\n**Explicación:** Por qué esta es la solución correcta.\n:::\n\n---\n\n## Resumen\n\nEn esta sesión aprendimos:\n\n- Punto clave 1\n- Punto clave 2\n- Punto clave 3\n\n---\n\n## Recursos adicionales\n\n### Lecturas recomendadas\n\n- Autor (año). *Título del libro*. Páginas X-Y.\n- [Artículo online](URL)\n\n### Videos\n\n- [Tutorial en YouTube](URL)\n\n### Práctica adicional\n\n- [Ejercicios complementarios](URL)\n\n---\n\n## Para la próxima sesión\n\n::: {.callout-important}\n## Tareas\n\n1. Completar ejercicios de esta sesión\n2. Leer capítulo X\n3. Traer dudas para resolver\n:::\n\n\n\n"},"formats":{"html":{"identifier":{"display-name":"HTML","target-format":"html","base-format":"html"},"execute":{"fig-width":7,"fig-height":5,"fig-format":"retina","fig-dpi":96,"df-print":"default","error":false,"eval":true,"cache":null,"freeze":"auto","echo":true,"output":true,"warning":false,"include":true,"keep-md":false,"keep-ipynb":false,"ipynb":null,"enabled":null,"daemon":null,"daemon-restart":false,"debug":false,"ipynb-filters":[],"ipynb-shell-interactivity":null,"plotly-connected":true,"message":false,"engine":"knitr"},"render":{"keep-tex":false,"keep-typ":false,"keep-source":false,"keep-hidden":false,"prefer-html":false,"output-divs":true,"output-ext":"html","fig-align":"default","fig-pos":null,"fig-env":null,"code-fold":false,"code-overflow":"scroll","code-link":false,"code-line-numbers":false,"code-tools":true,"tbl-colwidths":"auto","merge-includes":true,"inline-includes":false,"preserve-yaml":false,"latex-auto-mk":true,"latex-auto-install":true,"latex-clean":true,"latex-min-runs":1,"latex-max-runs":10,"latex-makeindex":"makeindex","latex-makeindex-opts":[],"latex-tlmgr-opts":[],"latex-input-paths":[],"latex-output-dir":null,"link-external-icon":false,"link-external-newwindow":false,"self-contained-math":false,"format-resources":[],"notebook-links":true},"pandoc":{"standalone":true,"wrap":"none","default-image-extension":"png","to":"html","css":["../styles/styles.scss"],"include-in-header":[{"text":"<link rel=\"preconnect\" href=\"https://fonts.googleapis.com\">\n<link rel=\"preconnect\" href=\"https://fonts.gstatic.com\" crossorigin>\n<link href=\"https://fonts.googleapis.com/css2?family=Montserrat:wght@400;600;700&family=Source+Sans+Pro:wght@300;400;600&family=Fira+Code:wght@400;500&display=swap\" rel=\"stylesheet\">\n"}],"toc":true,"toc-depth":3,"output-file":"template-clase.html"},"language":{"toc-title-document":"Table of contents","toc-title-website":"On this page","related-formats-title":"Other Formats","related-notebooks-title":"Notebooks","source-notebooks-prefix":"Source","other-links-title":"Other Links","code-links-title":"Code Links","launch-dev-container-title":"Launch Dev Container","launch-binder-title":"Launch Binder","article-notebook-label":"Article Notebook","notebook-preview-download":"Download Notebook","notebook-preview-download-src":"Download Source","notebook-preview-back":"Back to Article","manuscript-meca-bundle":"MECA Bundle","section-title-abstract":"Abstract","section-title-appendices":"Appendices","section-title-footnotes":"Footnotes","section-title-references":"References","section-title-reuse":"Reuse","section-title-copyright":"Copyright","section-title-citation":"Citation","appendix-attribution-cite-as":"For attribution, please cite this work as:","appendix-attribution-bibtex":"BibTeX citation:","appendix-view-license":"View License","title-block-author-single":"Author","title-block-author-plural":"Authors","title-block-affiliation-single":"Affiliation","title-block-affiliation-plural":"Affiliations","title-block-published":"Published","title-block-modified":"Modified","title-block-keywords":"Keywords","callout-tip-title":"Tip","callout-note-title":"Note","callout-warning-title":"Warning","callout-important-title":"Important","callout-caution-title":"Caution","code-summary":"Code","code-tools-menu-caption":"Code","code-tools-show-all-code":"Show All Code","code-tools-hide-all-code":"Hide All Code","code-tools-view-source":"View Source","code-tools-source-code":"Source Code","tools-share":"Share","tools-download":"Download","code-line":"Line","code-lines":"Lines","copy-button-tooltip":"Copy to Clipboard","copy-button-tooltip-success":"Copied!","repo-action-links-edit":"Edit this page","repo-action-links-source":"View source","repo-action-links-issue":"Report an issue","back-to-top":"Back to top","search-no-results-text":"No results","search-matching-documents-text":"matching documents","search-copy-link-title":"Copy link to search","search-hide-matches-text":"Hide additional matches","search-more-match-text":"more match in this document","search-more-matches-text":"more matches in this document","search-clear-button-title":"Clear","search-text-placeholder":"","search-detached-cancel-button-title":"Cancel","search-submit-button-title":"Submit","search-label":"Search","toggle-section":"Toggle section","toggle-sidebar":"Toggle sidebar navigation","toggle-dark-mode":"Toggle dark mode","toggle-reader-mode":"Toggle reader mode","toggle-navigation":"Toggle navigation","crossref-fig-title":"Figure","crossref-tbl-title":"Table","crossref-lst-title":"Listing","crossref-thm-title":"Theorem","crossref-lem-title":"Lemma","crossref-cor-title":"Corollary","crossref-prp-title":"Proposition","crossref-cnj-title":"Conjecture","crossref-def-title":"Definition","crossref-exm-title":"Example","crossref-exr-title":"Exercise","crossref-ch-prefix":"Chapter","crossref-apx-prefix":"Appendix","crossref-sec-prefix":"Section","crossref-eq-prefix":"Equation","crossref-lof-title":"List of Figures","crossref-lot-title":"List of Tables","crossref-lol-title":"List of Listings","environment-proof-title":"Proof","environment-remark-title":"Remark","environment-solution-title":"Solution","listing-page-order-by":"Order By","listing-page-order-by-default":"Default","listing-page-order-by-date-asc":"Oldest","listing-page-order-by-date-desc":"Newest","listing-page-order-by-number-desc":"High to Low","listing-page-order-by-number-asc":"Low to High","listing-page-field-date":"Date","listing-page-field-title":"Title","listing-page-field-description":"Description","listing-page-field-author":"Author","listing-page-field-filename":"File Name","listing-page-field-filemodified":"Modified","listing-page-field-subtitle":"Subtitle","listing-page-field-readingtime":"Reading Time","listing-page-field-wordcount":"Word Count","listing-page-field-categories":"Categories","listing-page-minutes-compact":"{0} min","listing-page-category-all":"All","listing-page-no-matches":"No matching items","listing-page-words":"{0} words","listing-page-filter":"Filter","draft":"Draft"},"metadata":{"lang":"en","fig-responsive":true,"quarto-version":"1.6.42","theme":{"light":["cosmo","../styles/styles.scss"]},"mainfont":"Source Sans Pro","monofont":"Fira Code","title":"Sesión X: [Título de la sesión]","subtitle":"Taller de Métodos y Técnicas de Investigación I","date":"[Fecha]"},"extensions":{"book":{"multiFile":true}}}},"projectFormats":["html"]}